{"stats":{"minecraft:killed_by":{"untamedwilds:boar":1},"minecraft:custom":{"minecraft:mob_kills":34,"minecraft:interact_with_crafting_table":11,"minecraft:open_barrel":7,"minecraft:damage_dealt_resisted":85,"minecraft:time_since_death":56580,"minecraft:climb_one_cm":972,"minecraft:sprint_one_cm":212896,"minecraft:walk_one_cm":192063,"minecraft:drop":33,"minecraft:play_time":73640,"minecraft:deaths":1,"minecraft:sneak_time":2060,"minecraft:walk_under_water_one_cm":6198,"minecraft:jump":1292,"minecraft:walk_on_water_one_cm":8191,"minecraft:total_world_time":73640,"minecraft:interact_with_furnace":21,"minecraft:sleep_in_bed":4,"minecraft:time_since_rest":13064,"minecraft:damage_taken":1045,"minecraft:trigger_trapped_chest":2,"minecraft:damage_dealt":4026,"minecraft:swim_one_cm":15925,"minecraft:fly_one_cm":285333,"minecraft:open_chest":52,"minecraft:crouch_one_cm":3483,"minecraft:fall_one_cm":38259},"minecraft:dropped":{"minecraft:wheat_seeds":1,"minecraft:cobbled_deepslate_stairs":1,"minecraft:baked_potato":5,"mna:vinteum_dust":5,"minecraft:cobblestone":2,"minecraft:book":10,"orcz:blue_orcshroom":1,"minecraft:apple":1,"minecraft:granite":2,"minecraft:spruce_stairs":1,"mna:rune_marking":1,"minecraft:birch_log":1,"minecraft:bone":6,"botania:purple_double_flower":1,"minecraft:tuff":2,"minecraft:rotten_flesh":5,"luminousworld:tall_deadbush":1,"orcz:orcshroom":2,"orcz:ironscrap":1,"create:scoria":1,"minecraft:iron_chestplate":1,"minecraft:stone_bricks":1,"minecraft:wooden_pickaxe":1,"orcz:orchorn":1},"minecraft:crafted":{"minecraft:oak_planks":16,"sophisticatedbackpacks:copper_backpack":1,"minecraft:stone_pickaxe":1,"orcz:orcteeth_tool_pickaxe":1,"minecraft:chest":2,"minecraft:cooked_beef":13,"sophisticatedbackpacks:backpack":1,"minecraft:baked_potato":7,"minecraft:copper_ingot":8,"minecraft:stone_axe":1,"minecraft:air":0,"minecraft:iron_chestplate":1,"minecraft:stick":12,"minecraft:iron_ingot":7,"mna:vinteum_dust":4},"minecraft:used":{"minecraft:iron_bars":1,"minecraft:bone_block":1,"minecraft:chest":1,"untamedwilds:spawn_tortoise":2,"minecraft:cooked_salmon":5,"minecraft:torch":1,"minecraft:dirt":6,"orcz:orcshroom":1,"minecraft:furnace":4,"untamedwilds:material_fat":1,"minecraft:cooked_beef":2,"minecraft:stone_pickaxe":66,"minecraft:baked_potato":2,"orcz:orcteeth_tool_pickaxe":54,"minecraft:wooden_pickaxe":4,"luminousworld:groundpebbles_1":2,"luminousworld:yellow_grassflowers":1,"minecraft:cracked_stone_bricks":1,"anthropology_items__structures:hunters_machete":57,"minecraft:red_bed":3,"mna:aum":2,"mna:cerublossom":1,"minecraft:apple":5,"minecraft:bread":5,"minecraft:stone_axe":69,"luminousworld:sunset_petunias":2,"minecraft:cobblestone":14,"untamedwilds:flora_bush_temperate":3},"minecraft:picked_up":{"luminousworld:groundpebbles_1":2,"minecraft:chicken":7,"minecraft:wooden_pickaxe":2,"botania:light_blue_double_flower":1,"minecraft:string":4,"minecraft:red_bed":2,"minecraft:raw_copper":30,"minecraft:iron_leggings":1,"minecraft:cracked_stone_bricks":1,"untamedwilds:flora_water_hyacinth_item":2,"minecraft:beef":7,"minecraft:sugar_cane":16,"minecraft:chest":2,"minecraft:furnace":6,"minecraft:iron_boots":1,"minecraft:stick":6,"minecraft:raw_iron":9,"orcz:orcskull":1,"untamedwilds:flora_common_reed":24,"minecraft:torch":1,"botania:yellow_mystical_flower":3,"untamedwilds:flora_bush_temperate":4,"minecraft:spruce_stairs":1,"minecraft:porkchop":3,"orcz:orchorn":2,"luminousworld:beastiary":1,"destroy:raw_nickel":6,"mekanism:raw_tin":1,"iceandfire:lightning_lily":1,"botania:light_gray_mystical_flower":2,"minecraft:arrow":4,"minecraft:rotten_flesh":5,"luminousworld:yellow_grassflowers":1,"create:scoria":1,"destroy:fluorite":6,"orcz:orcshroom":3,"luminousworld:tall_deadbush":1,"mna:vinteum_dust":12,"minecraft:mutton":4,"minecraft:iron_bars":1,"minecraft:bone_block":1,"minecraft:white_wool":1,"minecraft:cobblestone":22,"minecraft:birch_log":1,"minecraft:feather":7,"orcz:orcteeth":25,"mna:sachet_water":3,"minecraft:leather":3,"minecraft:tuff":2,"minecraft:oak_log":11,"minecraft:cobbled_deepslate_stairs":1,"minecraft:dirt":6,"botania:light_blue_mystical_flower":13,"untamedwilds:spawn_tortoise":2,"minecraft:bone":7,"minecraft:apple":1,"minecraft:stone_bricks":2,"untamedwilds:material_fat":1,"minecraft:wheat_seeds":3,"botania:purple_mystical_flower":6,"luminousworld:elephant_grass":1,"minecraft:iron_ingot":8,"minecraft:mossy_stone_bricks":1,"mna:cerublossom":1,"minecraft:book":5,"luminousworld:bass_item":1,"botania:purple_double_flower":2,"minecraft:pumpkin":2,"orcz:bone_1":2,"mna:raw_vinteum":4,"patchouli:guide_book":1,"luminousworld:sunset_petunias":2,"minecraft:sand":3,"orcz:blue_orcshroom":1,"mna:aum":2,"alexsmobs:animal_dictionary":1,"minecraft:leather_helmet":1,"minecraft:diamond":8,"botania:orange_mystical_flower":3,"minecraft:granite":2,"minecraft:emerald":3,"orcz:ironscrap":13,"minecraft:black_wool":1,"untamedwilds:flora_titan_arum_corm":1,"minecraft:coal":32},"minecraft:killed":{"untamedwilds:wildebeest":1,"minecraft:spider":2,"luminousworld:ringlet":1,"minecraft:chicken":4,"orcz:orcsavagemace":1,"luminousworld:savannah_zombie":1,"minecraft:pig":2,"mna:witch_hunter":1,"untamedwilds:boar":1,"luminousworld:crab":1,"minecraft:sheep":3,"minecraft:zombie":1,"iceandfire:ghost":2,"orcz:bigorcboss":1,"untamedwilds:snake":2,"orcz:orcsavage_2sword":1,"orcz:snot":4,"orcz:orcshield":1,"minecraft:cow":3},"minecraft:mined":{"iceandfire:lightning_lily":1,"minecraft:tuff":2,"orcz:orcamanita":1,"minecraft:cobbled_deepslate_stairs":1,"destroy:fluorite_ore":6,"minecraft:brewing_stand":1,"gravestone:gravestone":1,"minecraft:granite":2,"minecraft:grass_block":7,"mna:vinteum_ore":5,"mna:wakebloom":1,"luminousworld:groundpebbles_3":2,"luminousworld:savanna_grass_2":1,"minecraft:spawner":3,"luminousworld:sunset_petunias":2,"botania:purple_mystical_flower":3,"minecraft:furnace":4,"luminousworld:yellow_grassflowers":1,"minecraft:iron_ore":7,"mna:aum":2,"minecraft:pumpkin":2,"orcz:orcshroom":1,"minecraft:vine":1,"destroy:nickel_ore":6,"minecraft:iron_bars":1,"minecraft:stone":18,"minecraft:bone_block":1,"orcz:scrapblock":3,"untamedwilds:flora_water_hyacinth":2,"botania:orange_mystical_flower":3,"minecraft:red_bed":2,"luminousworld:tall_deadbush":2,"minecraft:crafting_table":1,"luminousworld:savannah_grass_1":2,"untamedwilds:flora_bush_temperate":4,"untamedwilds:flora_common_reed":8,"botania:purple_double_flower":1,"mna:cerublossom":1,"minecraft:chest":2,"create:scoria":1,"mekanism:tin_ore":1,"minecraft:tall_grass":5,"minecraft:copper_ore":9,"minecraft:cobblestone":4,"minecraft:wall_torch":1,"minecraft:spruce_stairs":1,"untamedwilds:block_burrow":1,"minecraft:birch_log":1,"minecraft:grass":14,"mna:filler_block":1,"minecraft:oak_log":11,"minecraft:coal_ore":27,"untamedwilds:flora_titan_arum":1,"minecraft:sand":3,"minecraft:dirt":9,"luminousworld:grassvariant_3":1,"minecraft:cracked_stone_bricks":1,"minecraft:stone_bricks":1,"luminousworld:savannah_grass_4":7,"luminousworld:elephant_grass":2,"minecraft:mossy_stone_bricks":1,"minecraft:oak_leaves":2}},"DataVersion":3465}