{"stats":{"minecraft:mined":{"minecraft:blue_carpet":2,"create:deepslate_zinc_ore":2,"minecraft:stone_pressure_plate":1,"orcz:orcamanita":2,"luminousworld:yellowpetunias":1,"mna:brazier":1,"iceandfire:copper_pile":41,"minecraft:cobbled_deepslate_stairs":5,"minecraft:jungle_leaves":1,"destroy:fluorite_ore":8,"minecraft:brewing_stand":2,"minecraft:potted_dead_bush":1,"minecraft:granite":4,"botania:light_blue_mushroom":1,"minecraft:chiseled_polished_blackstone":26,"minecraft:grass_block":23,"iceandfire:lectern":3,"minecraft:coal_block":8,"minecraft:mud_bricks":2,"luminousworld:savanna_grass_2":4,"minecraft:spawner":7,"minecraft:raw_iron_block":15,"minecraft:magma_block":1,"minecraft:polished_blackstone_bricks":6,"botania:purple_mystical_flower":8,"minecraft:mossy_cobblestone_slab":1,"minecraft:mossy_cobblestone_stairs":1,"minecraft:iron_ore":7,"minecraft:fire":18,"minecraft:pumpkin":2,"minecraft:azure_bluet":1,"mna:mage_light":1,"create:asurine":1,"mna:runescribing_table":1,"minecraft:pointed_dripstone":2,"iceandfire:gold_pile":38,"minecraft:iron_bars":1,"iceandfire:pixie_house_spruce":1,"minecraft:iron_block":6,"botania:light_blue_mystical_flower":4,"minecraft:tripwire":5,"luminousworld:creepbush":1,"botania:orange_mystical_flower":5,"untamedwilds:flora_water_hyacinth":6,"mekanism:osmium_ore":5,"minecraft:brown_mushroom":1,"minecraft:red_bed":2,"irons_spellbooks:alchemist_cauldron":1,"luminousworld:birchtreemushrooms":1,"luminousworld:tall_deadbush":2,"minecraft:smoker":6,"minecraft:torch":1,"untamedwilds:flora_common_reed":8,"minecraft:blast_furnace":1,"destroy:deepslate_nickel_ore":2,"minecraft:poppy":11,"mna:cerublossom":2,"iceandfire:ghost_chest":2,"botania:purple_double_flower":1,"minecraft:chest":2,"create:scoria":1,"mekanism:tin_ore":5,"untamedwilds:flora_elephant_ear":1,"iceandfire:fire_lily":3,"minecraft:glass":2,"minecraft:cobblestone":23,"botania:blue_mystical_flower":1,"minecraft:sugar_cane":31,"minecraft:oak_planks":5,"minecraft:wall_torch":2,"minecraft:pink_petals":2,"minecraft:repeater":1,"luminousworld:clovers_1":1,"minecraft:birch_log":1,"minecraft:lilac":11,"minecraft:copper_block":1,"minecraft:stone_brick_stairs":1,"minecraft:tnt":351,"minecraft:grass":64,"mekanism:deepslate_tin_ore":2,"mna:ornate_table":1,"minecraft:oak_log":12,"minecraft:dirt":17,"minecraft:sand":47,"luminousworld:grassvariant_3":8,"untamedwilds:flora_canola":1,"minecraft:red_mushroom_block":14,"minecraft:netherrack":4,"luminousworld:savannah_grass_4":16,"minecraft:oak_leaves":23,"minecraft:deepslate":5,"luminousworld:savannah_ground":3,"create:zinc_ore":2,"iceandfire:lightning_lily":1,"luminousworld:groundpebbles_1":1,"minecraft:tuff":17,"iceandfire:silver_ore":4,"botania:orange_double_flower":1,"minecraft:mossy_cobblestone":9,"luminousworld:grassvariant_4":10,"minecraft:dark_oak_log":1,"iceandfire:pixie_house_birch":1,"mekanism:deepslate_osmium_ore":2,"gravestone:gravestone":19,"luminousworld:clovers_4":1,"botania:orange_mushroom":1,"minecraft:redstone_wire":15,"luminousworld:grassvariant_2":8,"mna:vinteum_ore":5,"mna:wakebloom":1,"luminousworld:groundpebbles_3":2,"orcz:bone_1deco":2,"minecraft:hay_block":60,"luminousworld:sunset_petunias":2,"minecraft:furnace":11,"luminousworld:yellow_grassflowers":1,"mna:aum":2,"minecraft:gold_block":33,"mna:manaweaving_altar":1,"orcz:orcshroom":1,"destroy:nickel_ore":17,"minecraft:vine":4,"luminousworld:clovers_3":1,"minecraft:stone":69,"minecraft:bone_block":1,"orcz:scrapblock":6,"luminousworld:soft_birch_log":1,"luminousworld:savannah_soil":6,"mna:tarma_root":1,"botania:lime_mystical_flower":2,"botania:lime_mushroom":1,"minecraft:dandelion":2,"minecraft:oak_fence":2,"minecraft:crafting_table":10,"untamedwilds:flora_bush_temperate":4,"luminousworld:savannah_grass_1":2,"iceandfire:pixie_house_mushroom_brown":2,"luminousworld:grassflowers":1,"minecraft:copper_ore":11,"minecraft:tall_grass":9,"botania:pink_mystical_flower":4,"minecraft:spruce_stairs":1,"destroy:aging_barrel":2,"untamedwilds:block_burrow":4,"minecraft:coarse_dirt":7,"mna:runeforge":2,"iceandfire:myrmex_jungle_biolight":1,"minecraft:birch_leaves":2,"minecraft:mangrove_leaves":2,"mna:filler_block":1,"botania:white_mystical_flower":5,"botania:yellow_mystical_flower":7,"minecraft:coal_ore":113,"untamedwilds:flora_titan_arum":1,"minecraft:gray_carpet":2,"minecraft:cobweb":1,"minecraft:cracked_stone_bricks":2,"minecraft:fern":2,"minecraft:polished_blackstone":1,"minecraft:stone_bricks":7,"luminousworld:elephant_grass":3,"minecraft:mossy_stone_bricks":1},"minecraft:crafted":{"minecraft:oak_planks":32,"iceandfire:lectern":1,"mna:vinteum_coated_iron":4,"minecraft:cooked_mutton":8,"minecraft:glass":3,"mna:basic_table":1,"sophisticatedbackpacks:copper_backpack":4,"minecraft:copper_block":2,"minecraft:chest":2,"mna:occulus":1,"minecraft:cauldron":1,"sophisticatedbackpacks:backpack":3,"minecraft:crafting_table":2,"minecraft:baked_potato":7,"minecraft:copper_ingot":60,"minecraft:iron_chestplate":1,"orcz:bone_1deco":2,"sophisticatedbackpacks:diamond_backpack":1,"minecraft:stick":16,"minecraft:iron_ingot":7,"minecraft:iron_pickaxe":1,"minecraft:gold_ingot":81,"mna:vinteum_dust":25,"mna:vinteum_ingot":6,"minecraft:raw_iron":36,"mna:bell_of_bidding":1,"simplyswords:diamond_greathammer":1,"minecraft:iron_nugget":9,"mna:manaweaver_wand":2,"minecraft:white_carpet":3,"mna:delegation_station":1,"mna:ornate_table":1,"minecraft:stone_pickaxe":1,"orcz:orcteeth_tool_pickaxe":1,"sophisticatedbackpacks:iron_backpack":5,"minecraft:cooked_beef":54,"sophisticatedbackpacks:gold_backpack":5,"minecraft:stone_axe":2,"ribbits:maraca":1,"simplyswords:iron_greathammer":1,"minecraft:air":0,"iceandfire:bestiary":1,"minecraft:iron_leggings":1,"minecraft:golden_hoe":1,"minecraft:diamond_chestplate":1},"minecraft:killed_by":{"minecraft:creeper":1,"minecraft:vindicator":3,"minecraft:zombie":2,"untamedwilds:terror_bird":1,"untamedwilds:boar":1,"irons_spellbooks:summoned_skeleton":1,"alexsmobs:tiger":2,"minecraft:skeleton":1,"irons_spellbooks:apothecarist":1,"untamedwilds:big_cat":2,"iceandfire:myrmex_sentinel":1},"minecraft:broken":{"orcz:orcteeth_tool_pickaxe":1,"minecraft:stone_axe":1,"minecraft:golden_hoe":1,"simplyswords:iron_greathammer":1},"minecraft:killed":{"untamedwilds:hyena":1,"untamedwilds:large_snake":1,"untamedwilds:wildebeest":1,"minecraft:spider":8,"minecraft:skeleton":11,"luminousworld:ringlet":1,"luminousworld:dark_oak_skeleton":4,"minecraft:chicken":4,"irons_spellbooks:summoned_skeleton":1,"iceandfire:myrmex_worker":6,"minecraft:pig":2,"untamedwilds:boar":2,"irons_spellbooks:necromancer":1,"minecraft:creeper":2,"luminousworld:crab":1,"minecraft:sheep":6,"mna:mushroom_soldier":2,"minecraft:zombie":21,"orcz:bigorcboss":1,"alexsmobs:fly":1,"untamedwilds:snake":2,"iceandfire:pixie":1,"luminousworld:dark_oak_zombie":4,"orcz:orcsavage_2sword":1,"orcz:snot":8,"orcz:orcshield":2,"minecraft:cow":5,"irons_spellbooks:summoned_zombie":2,"alexsmobs:tiger":1,"minecraft:vindicator":2,"alexsmobs:seagull":1,"luminousworld:yellow_swallowtail":2,"luminousworld:treant":1,"luminousworld:monarch":1,"alexsmobs:bison":1,"orcz:orcsavagemace":2,"mna:barkling":1,"luminousworld:savannah_zombie":1,"iceandfire:myrmex_sentinel":1,"mna:living_ward":1,"mna:witch_hunter":1,"iceandfire:ghost":4,"minecraft:enderman":1},"minecraft:picked_up":{"irons_spellbooks:scroll":1,"minecraft:iron_chestplate":5,"minecraft:wheat":54,"minecraft:redstone_block":2,"minecraft:flower_pot":1,"minecraft:smithing_table":1,"minecraft:wither_rose":1,"minecraft:enchanted_book":2,"iceandfire:myrmex_jungle_chitin":13,"minecraft:stone_brick_stairs":1,"botania:light_blue_mushroom":1,"minecraft:brewing_stand":3,"botania:light_blue_double_flower":1,"iceandfire:manuscript":50,"irons_spellbooks:nature_rune":1,"minecraft:string":22,"minecraft:raw_copper":37,"alexsmobs:ancient_dart":2,"minecraft:iron_leggings":6,"minecraft:armor_stand":5,"mna:mark_of_the_fey":1,"irons_spellbooks:arcane_essence":9,"minecraft:gold_nugget":703,"minecraft:cobbled_deepslate":4,"minecraft:bucket":21,"minecraft:iron_pickaxe":1,"mna:guide_book":2,"minecraft:melon_slice":31,"minecraft:coal_block":8,"minecraft:iron_boots":4,"minecraft:furnace":17,"minecraft:stick":15,"botania:lexicon":1,"iceandfire:ghost_chest":2,"orcz:orcskull":1,"botania:cyan_double_flower":7,"mna:staff_gold":1,"untamedwilds:flora_common_reed":24,"mna:brazier":11,"mna:hat_large_witch":1,"iceandfire:pixie_house_mushroom_brown":2,"minecraft:torch":5,"botania:yellow_mystical_flower":16,"minecraft:spruce_stairs":1,"luminousworld:savannah_soil":6,"minecraft:porkchop":5,"minecraft:pointed_dripstone":2,"destroy:raw_nickel":19,"orcz:palisadedarkoak":3,"mekanism:raw_tin":7,"minecraft:cauldron":1,"botania:white_mystical_flower":14,"iceandfire:lightning_lily":1,"luminousworld:grassflowers":1,"minecraft:rotten_flesh":44,"botania:orange_double_flower":1,"mna:pedestal":2,"luminousworld:yellow_grassflowers":2,"luminousworld:soft_birch_log":1,"botania:light_gray_mystical_flower":9,"create:scoria":1,"orcz:orcshroom":4,"mna:constructs/construct_hammer_arm_right_iron":1,"minecraft:iron_block":6,"create:asurine":1,"luminousworld:tall_deadbush":1,"luminousworld:far_lands":1,"minecraft:leather_chestplate":1,"botania:blue_double_flower":2,"luminousworld:savannah_ground":3,"minecraft:iron_bars":1,"mna:wand_amethyst":1,"minecraft:cobblestone":116,"minecraft:birch_log":1,"minecraft:pink_petals":7,"minecraft:magma_block":1,"minecraft:mossy_cobblestone_slab":2,"minecraft:feather":8,"minecraft:lilac":11,"orcz:orcteeth":44,"minecraft:repeater":1,"mna:manaweaver_wand":5,"mna:rune_marking":1,"mna:sachet_water":9,"minecraft:copper_block":2,"minecraft:smoker":6,"minecraft:potato":4,"alexsmobs:bison_fur":2,"minecraft:tuff":15,"create:raw_zinc":4,"minecraft:lapis_lazuli":39,"minecraft:dirt":42,"minecraft:name_tag":2,"minecraft:bone":46,"botania:cyan_mystical_flower":24,"minecraft:bow":1,"iceandfire:myrmex_jungle_resin":6,"minecraft:wheat_seeds":11,"botania:pink_mystical_flower":8,"ribbits:maraca":1,"botania:purple_mystical_flower":23,"luminousworld:elephant_grass":3,"untamedwilds:material_shark_tooth":4,"minecraft:mossy_stone_bricks":1,"mna:cerublossom":2,"minecraft:oak_planks":6,"botania:gray_mystical_flower":2,"mna:staff_prismarinecrystal":1,"luminousworld:bass_item":1,"botania:red_mystical_flower":1,"minecraft:cooked_porkchop":2,"minecraft:chiseled_polished_blackstone":25,"patchouli:guide_book":1,"luminousworld:creepberries":1,"botania:pink_double_flower":1,"orcz:orcagaric":1,"iceandfire:pixie_house_birch":3,"mna:runescribing_table":2,"minecraft:sand":47,"orcz:blue_orcshroom":2,"minecraft:dead_bush":1,"simplyswords:iron_greathammer":1,"minecraft:dark_oak_log":1,"iceandfire:myrmex_stinger":4,"alexsmobs:animal_dictionary":1,"minecraft:mossy_cobblestone":8,"mna:manaweaving_altar":2,"minecraft:bundle":1,"mna:transmuted_silver":18,"minecraft:diamond":18,"iceandfire:lectern":3,"luminousworld:yellowpetunias":2,"mna:ornate_table":1,"botania:orange_mushroom":1,"untamedwilds:hide_golden":2,"minecraft:granite":4,"iceandfire:myrmex_jungle_biolight":1,"minecraft:emerald":14,"minecraft:bread":38,"orcz:ironscrap":24,"alexsmobs:maggot":2,"minecraft:oak_sapling":1,"minecraft:netherrack":3,"untamedwilds:flora_titan_arum_corm":1,"iceandfire:raw_silver":7,"sophisticatedbackpacks:gold_backpack":2,"minecraft:crafting_table":13,"luminousworld:groundpebbles_1":5,"minecraft:charcoal":24,"minecraft:coarse_dirt":7,"minecraft:azure_bluet":1,"mna:tarma_root":1,"minecraft:chicken":7,"iceandfire:fire_lily":3,"minecraft:brown_mushroom":3,"minecraft:wooden_pickaxe":2,"untamedwilds:flora_canola":1,"minecraft:gold_block":83,"gravestone:obituary":6,"minecraft:chain":1,"minecraft:shield":1,"mna:rune_pattern":2,"minecraft:red_bed":6,"untamedwilds:food_bear_raw":5,"minecraft:item_frame":6,"minecraft:iron_shovel":2,"botania:magenta_mystical_flower":9,"minecraft:cracked_stone_bricks":3,"irons_spellbooks:conjurers_talisman":1,"untamedwilds:flora_water_hyacinth_item":4,"minecraft:beef":46,"minecraft:poppy":11,"minecraft:lectern":1,"minecraft:sugar_cane":82,"minecraft:chest":2,"minecraft:raw_iron":93,"minecraft:copper_ingot":14,"untamedwilds:flora_bush_temperate":4,"sophisticatedbackpacks:backpack":2,"minecraft:polished_blackstone_bricks":10,"orcz:orchorn":3,"luminousworld:beastiary":1,"untamedwilds:hide_black":5,"minecraft:redstone":23,"irons_spellbooks:alchemist_cauldron":1,"minecraft:stone_pressure_plate":1,"minecraft:blue_carpet":2,"minecraft:tnt":645,"iceandfire:silver_ingot":6,"minecraft:arrow":46,"botania:lime_mystical_flower":6,"destroy:fluorite":8,"minecraft:hay_block":60,"botania:blue_mystical_flower":19,"minecraft:saddle":1,"minecraft:gold_ingot":4,"sophisticatedbackpacks:copper_backpack":1,"minecraft:polished_blackstone":1,"botania:green_mystical_flower":6,"mna:vinteum_dust":36,"minecraft:mutton":63,"botania:magenta_double_flower":1,"minecraft:white_wool":29,"minecraft:bone_block":1,"mna:torn_journal_page":15,"minecraft:mud_bricks":1,"minecraft:leather":36,"mna:runeforge":3,"minecraft:red_mushroom":6,"botania:green_double_flower":1,"minecraft:oak_log":40,"iceandfire:ectoplasm":6,"minecraft:cobbled_deepslate_stairs":5,"minecraft:gunpowder":10,"botania:light_blue_mystical_flower":25,"botania:black_mystical_flower":9,"destroy:aging_barrel":2,"untamedwilds:spawn_tortoise":6,"minecraft:cooked_mutton":1,"minecraft:stone_bricks":9,"minecraft:apple":1,"minecraft:gray_carpet":2,"farmersdelight:cooking_pot":1,"untamedwilds:material_fat":4,"mna:desert_nova":1,"minecraft:iron_ingot":36,"minecraft:stone_pickaxe":1,"minecraft:cobweb":13,"minecraft:glass_bottle":2,"minecraft:book":77,"botania:purple_double_flower":2,"iceandfire:copper_nugget":350,"luminousworld:clovers_1":2,"orcz:bone_1":2,"minecraft:pumpkin":5,"mna:raw_vinteum":23,"minecraft:dandelion":2,"minecraft:raw_iron_block":16,"luminousworld:sunset_petunias":2,"orcz:bone_1deco":2,"orcz:orcamanita":1,"minecraft:blast_furnace":1,"botania:lime_mushroom":1,"mna:aum":2,"mekanism:raw_osmium":29,"minecraft:spider_eye":1,"minecraft:leather_helmet":1,"iceandfire:pixie_house_spruce":3,"botania:orange_mystical_flower":12,"minecraft:iron_helmet":5,"minecraft:cherry_sapling":1,"minecraft:mossy_cobblestone_stairs":1,"minecraft:melon_seeds":3,"minecraft:mangrove_propagule":1,"botania:brown_mystical_flower":6,"minecraft:damaged_anvil":1,"minecraft:black_wool":1,"minecraft:coal":325,"minecraft:ender_pearl":1},"minecraft:custom":{"minecraft:interact_with_crafting_table":60,"minecraft:open_barrel":57,"minecraft:bell_ring":2,"minecraft:eat_cake_slice":5,"minecraft:leave_game":6,"minecraft:time_since_death":50875,"minecraft:sprint_one_cm":1003643,"minecraft:damage_blocked_by_shield":105,"minecraft:drop":160,"minecraft:play_time":360314,"minecraft:deaths":18,"minecraft:jump":5951,"minecraft:walk_on_water_one_cm":58082,"minecraft:interact_with_furnace":51,"minecraft:traded_with_villager":1,"minecraft:sleep_in_bed":7,"minecraft:damage_dealt":21141,"minecraft:crouch_one_cm":28144,"minecraft:interact_with_smoker":12,"minecraft:inspect_dispenser":18,"minecraft:mob_kills":127,"minecraft:fill_cauldron":1,"minecraft:damage_dealt_resisted":85,"minecraft:climb_one_cm":35725,"minecraft:walk_one_cm":934769,"minecraft:sneak_time":10882,"minecraft:walk_under_water_one_cm":29323,"minecraft:interact_with_blast_furnace":1,"minecraft:total_world_time":360314,"minecraft:time_since_rest":16498,"minecraft:damage_taken":9982,"minecraft:trigger_trapped_chest":2,"minecraft:swim_one_cm":62723,"minecraft:fly_one_cm":1143747,"minecraft:open_chest":167,"minecraft:fall_one_cm":191738},"minecraft:used":{"iceandfire:lectern":3,"minecraft:cherry_sapling":1,"minecraft:iron_shovel":45,"minecraft:bone_block":1,"minecraft:shield":3,"minecraft:chest":1,"luminousworld:soft_birch_log":1,"minecraft:stone":1,"untamedwilds:spawn_tortoise":6,"luminousworld:savannah_ground":3,"mna:ornate_table":1,"minecraft:mutton":2,"orcz:orcshroom":2,"minecraft:iron_helmet":1,"minecraft:stone_brick_stairs":1,"minecraft:item_frame":6,"minecraft:stone_bricks":6,"minecraft:bow":14,"minecraft:furnace":15,"untamedwilds:material_fat":3,"minecraft:egg":5,"luminousworld:clovers_1":2,"simplyswords:gold_chakram":4,"mna:tarma_root":1,"minecraft:chiseled_polished_blackstone":25,"minecraft:stone_pickaxe":90,"minecraft:wooden_pickaxe":4,"luminousworld:groundpebbles_1":3,"minecraft:golden_hoe":32,"simplyswords:iron_greathammer":300,"mna:runeforge":2,"mna:cerublossom":2,"minecraft:dark_oak_log":1,"minecraft:bread":76,"create:asurine":1,"minecraft:chain":1,"minecraft:coarse_dirt":7,"mna:runescribing_table":1,"minecraft:flint_and_steel":9,"minecraft:iron_bars":1,"mna:mithions_magnificent_mbag":1,"minecraft:armor_stand":1,"minecraft:cooked_salmon":12,"minecraft:netherrack":3,"minecraft:torch":54,"mna:delegation_station":1,"minecraft:dirt":30,"luminousworld:grassflowers":1,"orcz:palisadedarkoak":3,"minecraft:granite":2,"untamedwilds:flora_canola":1,"mna:occulus":1,"simplyswords:diamond_greathammer":21,"luminousworld:savannah_soil":6,"minecraft:cooked_beef":8,"mna:manaweaving_altar":1,"minecraft:cooked_mutton":4,"minecraft:water_bucket":5,"iceandfire:myrmex_jungle_biolight":1,"minecraft:baked_potato":2,"minecraft:copper_block":2,"orcz:orcteeth_tool_pickaxe":258,"minecraft:cauldron":1,"luminousworld:yellow_grassflowers":1,"minecraft:cracked_stone_bricks":2,"minecraft:crafting_table":13,"minecraft:red_bed":7,"mna:aum":2,"minecraft:smoker":2,"minecraft:apple":6,"minecraft:mangrove_propagule":1,"minecraft:iron_pickaxe":330,"destroy:aging_barrel":1,"minecraft:stone_axe":196,"minecraft:pink_petals":7,"luminousworld:sunset_petunias":2,"orcz:bone_1deco":2,"minecraft:cobblestone":99,"untamedwilds:flora_bush_temperate":3,"minecraft:bucket":5,"minecraft:dandelion":1},"minecraft:dropped":{"orcz:orcteeth_tool_pickaxe":1,"luminousworld:yellowpetunias":2,"minecraft:cooked_beef":25,"minecraft:oak_log":11,"minecraft:baked_potato":5,"minecraft:crafting_table":2,"minecraft:cooked_porkchop":9,"mna:vinteum_dust":40,"orcz:blue_orcshroom":1,"minecraft:leather":30,"minecraft:leather_helmet":1,"minecraft:red_mushroom":1,"sophisticatedbackpacks:gold_backpack":2,"ribbits:maraca":2,"minecraft:dirt":1,"minecraft:red_bed":2,"mna:manaweaver_wand":6,"minecraft:mutton":1,"simplyswords:gold_chakram":1,"gravestone:obituary":22,"minecraft:gold_nugget":64,"minecraft:polished_blackstone_bricks":10,"minecraft:birch_log":1,"mna:torn_journal_page":5,"minecraft:white_wool":22,"minecraft:cauldron":1,"minecraft:bone":6,"minecraft:stone_axe":1,"botania:purple_double_flower":1,"alexsmobs:animal_dictionary":1,"minecraft:pointed_dripstone":2,"minecraft:rotten_flesh":20,"luminousworld:tall_deadbush":1,"minecraft:cooked_mutton":5,"minecraft:azure_bluet":1,"orcz:orcshroom":2,"patchouli:guide_book":2,"minecraft:leather_chestplate":1,"iceandfire:ghost_chest":2,"create:scoria":1,"farmersdelight:rope":4,"untamedwilds:flora_water_hyacinth_item":1,"minecraft:beef":10,"iceandfire:manuscript":18,"minecraft:iron_ingot":55,"luminousworld:beastiary":1,"minecraft:bread":1,"minecraft:wheat_seeds":3,"minecraft:cobbled_deepslate_stairs":1,"minecraft:copper_block":2,"minecraft:mossy_cobblestone":4,"minecraft:polished_blackstone":1,"minecraft:iron_helmet":1,"minecraft:cobblestone":2,"minecraft:book":10,"luminousworld:creepberries":1,"minecraft:apple":2,"luminousworld:far_lands":1,"minecraft:granite":2,"minecraft:spruce_stairs":1,"minecraft:cobweb":7,"minecraft:mossy_cobblestone_slab":2,"minecraft:melon_slice":69,"minecraft:potion":1,"minecraft:iron_leggings":2,"minecraft:pumpkin":3,"minecraft:mossy_cobblestone_stairs":1,"mna:rune_marking":2,"mna:guide_book":1,"minecraft:redstone":1,"minecraft:tuff":15,"orcz:orcamanita":1,"orcz:orcteeth_tool_sword":1,"alexsmobs:ancient_dart":1,"orcz:ironscrap":1,"minecraft:shears":1,"minecraft:diamond_chestplate":1,"minecraft:bundle":2,"minecraft:iron_chestplate":2,"luminousworld:groundpebbles_1":2,"minecraft:oak_sapling":1,"minecraft:stone_bricks":3,"luminousworld:elephant_grass":1,"minecraft:stone_pickaxe":1,"minecraft:wooden_pickaxe":1,"untamedwilds:spawn_tortoise":1,"simplyswords:iron_greathammer":1,"orcz:orchorn":1}},"DataVersion":3465}