{"stats":{"minecraft:mined":{"create:deepslate_zinc_ore":2,"orcz:orcamanita":1,"minecraft:cobbled_deepslate_stairs":1,"destroy:fluorite_ore":6,"minecraft:brewing_stand":1,"minecraft:granite":2,"botania:light_blue_mushroom":1,"minecraft:chiseled_polished_blackstone":13,"minecraft:grass_block":15,"iceandfire:lectern":3,"luminousworld:savanna_grass_2":1,"minecraft:spawner":3,"minecraft:polished_blackstone_bricks":4,"minecraft:raw_iron_block":15,"botania:purple_mystical_flower":5,"minecraft:mossy_cobblestone_slab":1,"minecraft:mossy_cobblestone_stairs":1,"minecraft:iron_ore":7,"minecraft:pumpkin":2,"create:asurine":1,"minecraft:pointed_dripstone":2,"iceandfire:gold_pile":3,"minecraft:iron_bars":1,"minecraft:iron_block":5,"minecraft:tripwire":1,"luminousworld:creepbush":1,"mekanism:osmium_ore":5,"untamedwilds:flora_water_hyacinth":2,"botania:orange_mystical_flower":5,"minecraft:brown_mushroom":1,"minecraft:red_bed":2,"luminousworld:birchtreemushrooms":1,"luminousworld:tall_deadbush":2,"minecraft:torch":1,"untamedwilds:flora_common_reed":8,"destroy:deepslate_nickel_ore":2,"minecraft:poppy":11,"botania:purple_double_flower":1,"mna:cerublossom":2,"iceandfire:ghost_chest":2,"minecraft:chest":2,"create:scoria":1,"mekanism:tin_ore":5,"untamedwilds:flora_elephant_ear":1,"iceandfire:fire_lily":1,"minecraft:glass":2,"minecraft:cobblestone":8,"botania:blue_mystical_flower":1,"minecraft:oak_planks":5,"minecraft:wall_torch":2,"minecraft:repeater":1,"minecraft:birch_log":1,"minecraft:lilac":11,"minecraft:tnt":351,"minecraft:grass":32,"mekanism:deepslate_tin_ore":2,"minecraft:oak_log":11,"minecraft:sand":3,"minecraft:dirt":14,"luminousworld:grassvariant_3":5,"untamedwilds:flora_canola":1,"luminousworld:savannah_grass_4":7,"minecraft:oak_leaves":13,"iceandfire:lightning_lily":1,"luminousworld:groundpebbles_1":1,"minecraft:tuff":16,"iceandfire:silver_ore":2,"botania:orange_double_flower":1,"minecraft:mossy_cobblestone":7,"luminousworld:grassvariant_4":4,"mekanism:deepslate_osmium_ore":2,"gravestone:gravestone":5,"luminousworld:clovers_4":1,"botania:orange_mushroom":1,"minecraft:redstone_wire":12,"luminousworld:grassvariant_2":1,"mna:vinteum_ore":5,"mna:wakebloom":1,"luminousworld:groundpebbles_3":2,"minecraft:hay_block":12,"luminousworld:sunset_petunias":2,"minecraft:furnace":4,"luminousworld:yellow_grassflowers":1,"mna:aum":2,"minecraft:gold_block":28,"orcz:orcshroom":1,"destroy:nickel_ore":14,"minecraft:vine":1,"luminousworld:clovers_3":1,"minecraft:stone":56,"minecraft:bone_block":1,"orcz:scrapblock":3,"botania:lime_mystical_flower":2,"botania:lime_mushroom":1,"minecraft:dandelion":1,"minecraft:oak_fence":2,"minecraft:crafting_table":5,"luminousworld:savannah_grass_1":2,"untamedwilds:flora_bush_temperate":4,"luminousworld:grassflowers":1,"minecraft:tall_grass":5,"minecraft:copper_ore":9,"botania:pink_mystical_flower":4,"minecraft:spruce_stairs":1,"untamedwilds:block_burrow":2,"iceandfire:myrmex_jungle_biolight":1,"botania:white_mystical_flower":2,"mna:filler_block":1,"minecraft:coal_ore":111,"untamedwilds:flora_titan_arum":1,"minecraft:cracked_stone_bricks":1,"minecraft:polished_blackstone":1,"minecraft:stone_bricks":2,"luminousworld:elephant_grass":2,"minecraft:mossy_stone_bricks":1},"minecraft:custom":{"minecraft:interact_with_crafting_table":23,"minecraft:open_barrel":9,"minecraft:leave_game":4,"minecraft:time_since_death":37838,"minecraft:sprint_one_cm":505798,"minecraft:drop":81,"minecraft:play_time":155703,"minecraft:deaths":4,"minecraft:jump":2790,"minecraft:walk_on_water_one_cm":39509,"minecraft:interact_with_furnace":22,"minecraft:sleep_in_bed":5,"minecraft:damage_dealt":9353,"minecraft:crouch_one_cm":14949,"minecraft:mob_kills":62,"minecraft:damage_dealt_resisted":85,"minecraft:climb_one_cm":16689,"minecraft:walk_one_cm":375658,"minecraft:sneak_time":6237,"minecraft:walk_under_water_one_cm":12012,"minecraft:total_world_time":155703,"minecraft:time_since_rest":37871,"minecraft:damage_taken":3248,"minecraft:trigger_trapped_chest":2,"minecraft:swim_one_cm":44227,"minecraft:fly_one_cm":507149,"minecraft:open_chest":63,"minecraft:fall_one_cm":80171},"minecraft:killed":{"untamedwilds:wildebeest":1,"minecraft:spider":4,"minecraft:skeleton":2,"luminousworld:ringlet":1,"minecraft:chicken":4,"iceandfire:myrmex_worker":6,"minecraft:pig":2,"untamedwilds:boar":1,"minecraft:creeper":1,"luminousworld:crab":1,"minecraft:sheep":3,"minecraft:zombie":6,"orcz:bigorcboss":1,"untamedwilds:snake":2,"luminousworld:dark_oak_zombie":3,"orcz:orcsavage_2sword":1,"orcz:snot":4,"orcz:orcshield":1,"minecraft:cow":5,"alexsmobs:seagull":1,"luminousworld:yellow_swallowtail":1,"alexsmobs:bison":1,"orcz:orcsavagemace":1,"luminousworld:savannah_zombie":1,"iceandfire:myrmex_sentinel":1,"mna:living_ward":1,"mna:witch_hunter":1,"iceandfire:ghost":3},"minecraft:broken":{"orcz:orcteeth_tool_pickaxe":1,"minecraft:stone_axe":1},"minecraft:dropped":{"orcz:orcteeth_tool_pickaxe":1,"minecraft:oak_log":11,"minecraft:baked_potato":5,"minecraft:crafting_table":2,"minecraft:cooked_porkchop":9,"mna:vinteum_dust":8,"orcz:blue_orcshroom":1,"minecraft:leather":30,"minecraft:leather_helmet":1,"minecraft:dirt":1,"minecraft:red_bed":2,"minecraft:mutton":1,"gravestone:obituary":4,"minecraft:gold_nugget":64,"minecraft:birch_log":1,"minecraft:white_wool":22,"minecraft:bone":6,"botania:purple_double_flower":1,"minecraft:stone_axe":1,"alexsmobs:animal_dictionary":1,"minecraft:rotten_flesh":20,"luminousworld:tall_deadbush":1,"orcz:orcshroom":2,"patchouli:guide_book":2,"create:scoria":1,"minecraft:beef":10,"iceandfire:manuscript":18,"minecraft:wheat_seeds":1,"minecraft:cobbled_deepslate_stairs":1,"minecraft:cobblestone":2,"minecraft:book":10,"luminousworld:creepberries":1,"minecraft:apple":2,"minecraft:granite":2,"minecraft:spruce_stairs":1,"minecraft:cobweb":7,"minecraft:melon_slice":69,"minecraft:iron_leggings":2,"minecraft:pumpkin":3,"mna:rune_marking":2,"minecraft:tuff":2,"orcz:orcteeth_tool_sword":1,"alexsmobs:ancient_dart":1,"orcz:ironscrap":1,"minecraft:shears":1,"minecraft:diamond_chestplate":1,"minecraft:iron_chestplate":2,"luminousworld:groundpebbles_1":1,"minecraft:oak_sapling":1,"minecraft:stone_bricks":1,"minecraft:stone_pickaxe":1,"minecraft:wooden_pickaxe":1,"untamedwilds:spawn_tortoise":1,"orcz:orchorn":1},"minecraft:used":{"iceandfire:lectern":3,"minecraft:bone_block":1,"minecraft:chest":1,"untamedwilds:spawn_tortoise":3,"orcz:orcshroom":1,"minecraft:iron_helmet":1,"minecraft:stone_bricks":1,"minecraft:furnace":4,"untamedwilds:material_fat":3,"luminousworld:clovers_1":1,"minecraft:stone_pickaxe":90,"minecraft:wooden_pickaxe":4,"luminousworld:groundpebbles_1":3,"simplyswords:iron_greathammer":43,"mna:cerublossom":2,"minecraft:bread":19,"create:asurine":1,"minecraft:iron_bars":1,"minecraft:cooked_salmon":9,"minecraft:torch":49,"minecraft:dirt":8,"luminousworld:grassflowers":1,"untamedwilds:flora_canola":1,"minecraft:cooked_beef":8,"iceandfire:myrmex_jungle_biolight":1,"minecraft:baked_potato":2,"orcz:orcteeth_tool_pickaxe":258,"luminousworld:yellow_grassflowers":1,"minecraft:cracked_stone_bricks":2,"minecraft:crafting_table":5,"minecraft:red_bed":5,"mna:aum":2,"minecraft:apple":6,"minecraft:iron_pickaxe":111,"minecraft:stone_axe":158,"luminousworld:sunset_petunias":2,"minecraft:cobblestone":22,"untamedwilds:flora_bush_temperate":3},"minecraft:killed_by":{"minecraft:creeper":1,"untamedwilds:boar":1,"minecraft:skeleton":1,"iceandfire:myrmex_sentinel":1},"minecraft:crafted":{"minecraft:oak_planks":28,"iceandfire:lectern":1,"sophisticatedbackpacks:copper_backpack":1,"minecraft:chest":2,"sophisticatedbackpacks:backpack":1,"minecraft:crafting_table":2,"minecraft:baked_potato":7,"minecraft:copper_ingot":8,"minecraft:iron_chestplate":1,"minecraft:stick":12,"minecraft:iron_ingot":7,"minecraft:iron_pickaxe":1,"minecraft:gold_ingot":54,"mna:vinteum_dust":4,"minecraft:raw_iron":36,"minecraft:iron_nugget":9,"minecraft:stone_pickaxe":1,"orcz:orcteeth_tool_pickaxe":1,"sophisticatedbackpacks:iron_backpack":1,"minecraft:cooked_beef":13,"sophisticatedbackpacks:gold_backpack":1,"minecraft:stone_axe":2,"simplyswords:iron_greathammer":1,"minecraft:air":0,"iceandfire:bestiary":1,"minecraft:iron_leggings":1,"minecraft:diamond_chestplate":1},"minecraft:picked_up":{"minecraft:iron_chestplate":1,"minecraft:wheat":54,"minecraft:enchanted_book":2,"iceandfire:myrmex_jungle_chitin":13,"botania:light_blue_mushroom":1,"minecraft:brewing_stand":1,"botania:light_blue_double_flower":1,"iceandfire:manuscript":50,"minecraft:string":8,"minecraft:raw_copper":30,"alexsmobs:ancient_dart":2,"minecraft:iron_leggings":2,"irons_spellbooks:arcane_essence":3,"minecraft:gold_nugget":451,"minecraft:melon_slice":1,"minecraft:furnace":8,"minecraft:iron_boots":1,"botania:lexicon":1,"minecraft:stick":13,"iceandfire:ghost_chest":2,"orcz:orcskull":1,"botania:cyan_double_flower":3,"untamedwilds:flora_common_reed":24,"minecraft:torch":4,"botania:yellow_mystical_flower":6,"minecraft:spruce_stairs":1,"minecraft:porkchop":5,"minecraft:pointed_dripstone":2,"destroy:raw_nickel":16,"mekanism:raw_tin":7,"botania:white_mystical_flower":2,"iceandfire:lightning_lily":1,"luminousworld:grassflowers":1,"botania:orange_double_flower":1,"minecraft:rotten_flesh":29,"botania:light_gray_mystical_flower":2,"luminousworld:yellow_grassflowers":1,"create:scoria":1,"orcz:orcshroom":3,"minecraft:iron_block":5,"create:asurine":1,"luminousworld:tall_deadbush":1,"minecraft:iron_bars":1,"minecraft:cobblestone":90,"minecraft:birch_log":1,"minecraft:repeater":1,"minecraft:mossy_cobblestone_slab":2,"minecraft:lilac":11,"minecraft:feather":8,"orcz:orcteeth":25,"mna:rune_marking":1,"mna:sachet_water":3,"minecraft:potato":4,"alexsmobs:bison_fur":2,"minecraft:tuff":15,"create:raw_zinc":2,"minecraft:lapis_lazuli":37,"minecraft:dirt":33,"minecraft:name_tag":2,"botania:cyan_mystical_flower":15,"minecraft:bone":19,"iceandfire:myrmex_jungle_resin":6,"botania:pink_mystical_flower":4,"minecraft:wheat_seeds":3,"botania:purple_mystical_flower":14,"luminousworld:elephant_grass":1,"untamedwilds:material_shark_tooth":4,"minecraft:mossy_stone_bricks":1,"mna:cerublossom":2,"minecraft:oak_planks":6,"luminousworld:bass_item":1,"minecraft:chiseled_polished_blackstone":13,"patchouli:guide_book":1,"luminousworld:creepberries":1,"minecraft:sand":3,"orcz:blue_orcshroom":1,"iceandfire:myrmex_stinger":4,"alexsmobs:animal_dictionary":1,"minecraft:mossy_cobblestone":7,"minecraft:diamond":10,"iceandfire:lectern":3,"botania:orange_mushroom":1,"minecraft:granite":2,"minecraft:bread":38,"iceandfire:myrmex_jungle_biolight":1,"minecraft:emerald":3,"alexsmobs:maggot":1,"orcz:ironscrap":13,"minecraft:oak_sapling":1,"untamedwilds:flora_titan_arum_corm":1,"iceandfire:raw_silver":2,"luminousworld:groundpebbles_1":4,"minecraft:crafting_table":6,"minecraft:chicken":7,"iceandfire:fire_lily":1,"minecraft:brown_mushroom":3,"minecraft:wooden_pickaxe":2,"untamedwilds:flora_canola":1,"minecraft:gold_block":26,"minecraft:chain":1,"gravestone:obituary":2,"minecraft:shield":1,"minecraft:red_bed":6,"minecraft:cracked_stone_bricks":2,"untamedwilds:flora_water_hyacinth_item":3,"minecraft:beef":46,"minecraft:poppy":11,"minecraft:sugar_cane":22,"minecraft:chest":2,"minecraft:raw_iron":92,"minecraft:copper_ingot":1,"untamedwilds:flora_bush_temperate":4,"sophisticatedbackpacks:backpack":2,"minecraft:polished_blackstone_bricks":3,"orcz:orchorn":2,"luminousworld:beastiary":1,"minecraft:redstone":11,"minecraft:tnt":340,"iceandfire:silver_ingot":6,"minecraft:arrow":12,"botania:lime_mystical_flower":5,"destroy:fluorite":6,"minecraft:hay_block":12,"botania:blue_mystical_flower":1,"minecraft:polished_blackstone":1,"minecraft:gold_ingot":2,"sophisticatedbackpacks:copper_backpack":1,"botania:green_mystical_flower":6,"mna:vinteum_dust":18,"minecraft:mutton":5,"minecraft:white_wool":26,"minecraft:bone_block":1,"minecraft:leather":32,"minecraft:red_mushroom":1,"botania:green_double_flower":1,"minecraft:oak_log":39,"iceandfire:ectoplasm":6,"minecraft:cobbled_deepslate_stairs":1,"minecraft:gunpowder":9,"botania:light_blue_mystical_flower":13,"botania:black_mystical_flower":4,"untamedwilds:spawn_tortoise":3,"minecraft:apple":1,"minecraft:stone_bricks":4,"farmersdelight:cooking_pot":1,"untamedwilds:material_fat":3,"minecraft:iron_ingot":27,"minecraft:stone_pickaxe":1,"minecraft:cobweb":13,"minecraft:glass_bottle":2,"minecraft:book":11,"botania:purple_double_flower":2,"luminousworld:clovers_1":1,"minecraft:pumpkin":5,"orcz:bone_1":2,"mna:raw_vinteum":23,"minecraft:dandelion":1,"minecraft:raw_iron_block":16,"luminousworld:sunset_petunias":2,"botania:lime_mushroom":1,"mekanism:raw_osmium":27,"mna:aum":2,"minecraft:spider_eye":1,"minecraft:leather_helmet":1,"minecraft:iron_helmet":1,"botania:orange_mystical_flower":12,"minecraft:mossy_cobblestone_stairs":1,"minecraft:black_wool":1,"minecraft:coal":220}},"DataVersion":3465}