{"stats":{"minecraft:mined":{"minecraft:blue_carpet":2,"create:deepslate_zinc_ore":2,"minecraft:stone_pressure_plate":1,"orcz:orcamanita":1,"luminousworld:yellowpetunias":1,"mna:brazier":1,"minecraft:cobbled_deepslate_stairs":1,"destroy:fluorite_ore":6,"minecraft:brewing_stand":1,"minecraft:granite":2,"botania:light_blue_mushroom":1,"minecraft:chiseled_polished_blackstone":26,"minecraft:grass_block":22,"iceandfire:lectern":3,"minecraft:coal_block":8,"luminousworld:savanna_grass_2":1,"minecraft:spawner":4,"minecraft:magma_block":1,"minecraft:raw_iron_block":15,"minecraft:polished_blackstone_bricks":6,"botania:purple_mystical_flower":8,"minecraft:mossy_cobblestone_slab":1,"minecraft:mossy_cobblestone_stairs":1,"minecraft:iron_ore":7,"minecraft:fire":7,"minecraft:pumpkin":2,"minecraft:azure_bluet":1,"create:asurine":1,"mna:runescribing_table":1,"minecraft:pointed_dripstone":2,"iceandfire:gold_pile":3,"minecraft:iron_bars":1,"iceandfire:pixie_house_spruce":1,"minecraft:iron_block":6,"botania:light_blue_mystical_flower":4,"minecraft:tripwire":1,"luminousworld:creepbush":1,"botania:orange_mystical_flower":5,"untamedwilds:flora_water_hyacinth":2,"mekanism:osmium_ore":5,"minecraft:brown_mushroom":1,"minecraft:red_bed":2,"luminousworld:birchtreemushrooms":1,"luminousworld:tall_deadbush":2,"minecraft:smoker":2,"minecraft:torch":1,"untamedwilds:flora_common_reed":8,"minecraft:poppy":11,"destroy:deepslate_nickel_ore":2,"mna:cerublossom":2,"iceandfire:ghost_chest":2,"botania:purple_double_flower":1,"minecraft:chest":2,"create:scoria":1,"mekanism:tin_ore":5,"untamedwilds:flora_elephant_ear":1,"iceandfire:fire_lily":1,"minecraft:glass":2,"minecraft:cobblestone":8,"botania:blue_mystical_flower":1,"minecraft:oak_planks":5,"minecraft:wall_torch":2,"minecraft:pink_petals":2,"minecraft:repeater":1,"luminousworld:clovers_1":1,"minecraft:birch_log":1,"minecraft:lilac":11,"minecraft:tnt":351,"minecraft:grass":43,"mekanism:deepslate_tin_ore":2,"minecraft:oak_log":12,"minecraft:dirt":15,"minecraft:sand":3,"luminousworld:grassvariant_3":6,"untamedwilds:flora_canola":1,"minecraft:red_mushroom_block":14,"minecraft:netherrack":4,"luminousworld:savannah_grass_4":7,"minecraft:oak_leaves":19,"iceandfire:lightning_lily":1,"luminousworld:groundpebbles_1":1,"minecraft:tuff":16,"iceandfire:silver_ore":4,"botania:orange_double_flower":1,"minecraft:mossy_cobblestone":7,"luminousworld:grassvariant_4":8,"iceandfire:pixie_house_birch":1,"minecraft:dark_oak_log":1,"mekanism:deepslate_osmium_ore":2,"gravestone:gravestone":10,"luminousworld:clovers_4":1,"botania:orange_mushroom":1,"minecraft:redstone_wire":12,"luminousworld:grassvariant_2":3,"mna:vinteum_ore":5,"mna:wakebloom":1,"luminousworld:groundpebbles_3":2,"minecraft:hay_block":60,"luminousworld:sunset_petunias":2,"minecraft:furnace":11,"luminousworld:yellow_grassflowers":1,"mna:aum":2,"minecraft:gold_block":33,"mna:manaweaving_altar":1,"orcz:orcshroom":1,"destroy:nickel_ore":14,"minecraft:vine":1,"luminousworld:clovers_3":1,"minecraft:stone":63,"minecraft:bone_block":1,"orcz:scrapblock":3,"luminousworld:soft_birch_log":1,"botania:lime_mystical_flower":2,"botania:lime_mushroom":1,"minecraft:dandelion":1,"minecraft:oak_fence":2,"minecraft:crafting_table":7,"luminousworld:savannah_grass_1":2,"untamedwilds:flora_bush_temperate":4,"iceandfire:pixie_house_mushroom_brown":2,"luminousworld:grassflowers":1,"minecraft:copper_ore":9,"minecraft:tall_grass":6,"botania:pink_mystical_flower":4,"minecraft:spruce_stairs":1,"destroy:aging_barrel":2,"untamedwilds:block_burrow":3,"mna:runeforge":2,"iceandfire:myrmex_jungle_biolight":1,"mna:filler_block":1,"botania:white_mystical_flower":5,"botania:yellow_mystical_flower":7,"minecraft:coal_ore":111,"untamedwilds:flora_titan_arum":1,"minecraft:gray_carpet":2,"minecraft:cracked_stone_bricks":1,"minecraft:polished_blackstone":1,"minecraft:stone_bricks":7,"luminousworld:elephant_grass":2,"minecraft:mossy_stone_bricks":1},"minecraft:custom":{"minecraft:interact_with_crafting_table":30,"minecraft:open_barrel":11,"minecraft:leave_game":5,"minecraft:time_since_death":10557,"minecraft:sprint_one_cm":649999,"minecraft:drop":103,"minecraft:play_time":224746,"minecraft:deaths":9,"minecraft:jump":3844,"minecraft:walk_on_water_one_cm":50937,"minecraft:interact_with_furnace":27,"minecraft:sleep_in_bed":5,"minecraft:damage_dealt":12314,"minecraft:crouch_one_cm":18709,"minecraft:inspect_dispenser":16,"minecraft:mob_kills":81,"minecraft:damage_dealt_resisted":85,"minecraft:climb_one_cm":22606,"minecraft:walk_one_cm":685285,"minecraft:sneak_time":7478,"minecraft:walk_under_water_one_cm":27844,"minecraft:interact_with_blast_furnace":1,"minecraft:total_world_time":224746,"minecraft:time_since_rest":10596,"minecraft:damage_taken":5418,"minecraft:trigger_trapped_chest":2,"minecraft:swim_one_cm":54189,"minecraft:fly_one_cm":679190,"minecraft:open_chest":91,"minecraft:fall_one_cm":116578},"minecraft:killed":{"untamedwilds:wildebeest":1,"minecraft:spider":6,"minecraft:skeleton":3,"luminousworld:ringlet":1,"minecraft:chicken":4,"irons_spellbooks:summoned_skeleton":1,"iceandfire:myrmex_worker":6,"minecraft:pig":2,"untamedwilds:boar":1,"irons_spellbooks:necromancer":1,"minecraft:creeper":2,"luminousworld:crab":1,"minecraft:sheep":3,"minecraft:zombie":11,"orcz:bigorcboss":1,"alexsmobs:fly":1,"untamedwilds:snake":2,"iceandfire:pixie":1,"luminousworld:dark_oak_zombie":3,"orcz:orcsavage_2sword":1,"orcz:snot":4,"orcz:orcshield":1,"minecraft:cow":5,"irons_spellbooks:summoned_zombie":2,"alexsmobs:tiger":1,"alexsmobs:seagull":1,"luminousworld:yellow_swallowtail":2,"alexsmobs:bison":1,"orcz:orcsavagemace":1,"luminousworld:savannah_zombie":1,"iceandfire:myrmex_sentinel":1,"mna:living_ward":1,"mna:witch_hunter":1,"iceandfire:ghost":3,"minecraft:enderman":1},"minecraft:broken":{"orcz:orcteeth_tool_pickaxe":1,"minecraft:stone_axe":1,"minecraft:golden_hoe":1},"minecraft:dropped":{"orcz:orcteeth_tool_pickaxe":1,"minecraft:oak_log":11,"minecraft:baked_potato":5,"minecraft:crafting_table":2,"minecraft:cooked_porkchop":9,"mna:vinteum_dust":9,"orcz:blue_orcshroom":1,"minecraft:leather":30,"minecraft:leather_helmet":1,"minecraft:red_mushroom":1,"minecraft:dirt":1,"minecraft:red_bed":2,"minecraft:mutton":1,"gravestone:obituary":11,"minecraft:gold_nugget":64,"minecraft:polished_blackstone_bricks":10,"minecraft:birch_log":1,"minecraft:white_wool":22,"minecraft:bone":6,"minecraft:stone_axe":1,"botania:purple_double_flower":1,"alexsmobs:animal_dictionary":1,"minecraft:pointed_dripstone":2,"minecraft:rotten_flesh":20,"luminousworld:tall_deadbush":1,"orcz:orcshroom":2,"patchouli:guide_book":2,"iceandfire:ghost_chest":2,"create:scoria":1,"minecraft:beef":10,"iceandfire:manuscript":18,"minecraft:bread":1,"minecraft:wheat_seeds":1,"minecraft:cobbled_deepslate_stairs":1,"minecraft:mossy_cobblestone":3,"minecraft:polished_blackstone":1,"minecraft:cobblestone":2,"minecraft:book":10,"luminousworld:creepberries":1,"minecraft:apple":2,"minecraft:granite":2,"minecraft:spruce_stairs":1,"minecraft:cobweb":7,"minecraft:mossy_cobblestone_slab":2,"minecraft:melon_slice":69,"minecraft:iron_leggings":2,"minecraft:pumpkin":3,"minecraft:mossy_cobblestone_stairs":1,"mna:rune_marking":2,"minecraft:redstone":1,"minecraft:tuff":15,"orcz:orcteeth_tool_sword":1,"alexsmobs:ancient_dart":1,"orcz:ironscrap":1,"minecraft:shears":1,"minecraft:diamond_chestplate":1,"minecraft:iron_chestplate":2,"luminousworld:groundpebbles_1":1,"minecraft:oak_sapling":1,"minecraft:stone_bricks":3,"minecraft:stone_pickaxe":1,"minecraft:wooden_pickaxe":1,"untamedwilds:spawn_tortoise":1,"simplyswords:iron_greathammer":1,"orcz:orchorn":1},"minecraft:used":{"iceandfire:lectern":3,"minecraft:cherry_sapling":1,"minecraft:bone_block":1,"luminousworld:soft_birch_log":1,"minecraft:chest":1,"minecraft:stone":1,"untamedwilds:spawn_tortoise":6,"orcz:orcshroom":1,"minecraft:iron_helmet":1,"minecraft:item_frame":6,"minecraft:stone_bricks":6,"minecraft:furnace":6,"untamedwilds:material_fat":3,"luminousworld:clovers_1":2,"minecraft:chiseled_polished_blackstone":25,"minecraft:stone_pickaxe":90,"minecraft:wooden_pickaxe":4,"luminousworld:groundpebbles_1":3,"minecraft:golden_hoe":32,"simplyswords:iron_greathammer":112,"mna:runeforge":1,"mna:cerublossom":2,"minecraft:dark_oak_log":1,"minecraft:bread":39,"create:asurine":1,"minecraft:chain":1,"mna:runescribing_table":1,"minecraft:iron_bars":1,"mna:mithions_magnificent_mbag":1,"minecraft:armor_stand":1,"minecraft:cooked_salmon":9,"minecraft:netherrack":3,"minecraft:torch":50,"minecraft:dirt":13,"luminousworld:grassflowers":1,"untamedwilds:flora_canola":1,"minecraft:cooked_beef":8,"mna:manaweaving_altar":1,"minecraft:water_bucket":2,"iceandfire:myrmex_jungle_biolight":1,"minecraft:baked_potato":2,"orcz:orcteeth_tool_pickaxe":258,"luminousworld:yellow_grassflowers":1,"minecraft:cracked_stone_bricks":2,"minecraft:crafting_table":8,"minecraft:red_bed":7,"mna:aum":2,"minecraft:apple":6,"minecraft:iron_pickaxe":177,"destroy:aging_barrel":1,"minecraft:stone_axe":188,"minecraft:pink_petals":7,"luminousworld:sunset_petunias":2,"minecraft:cobblestone":28,"untamedwilds:flora_bush_temperate":3,"minecraft:bucket":2},"minecraft:killed_by":{"minecraft:creeper":1,"minecraft:zombie":2,"untamedwilds:boar":1,"irons_spellbooks:summoned_skeleton":1,"alexsmobs:tiger":2,"minecraft:skeleton":1,"iceandfire:myrmex_sentinel":1},"minecraft:crafted":{"minecraft:oak_planks":32,"iceandfire:lectern":1,"sophisticatedbackpacks:copper_backpack":3,"minecraft:chest":2,"sophisticatedbackpacks:backpack":2,"minecraft:crafting_table":2,"minecraft:baked_potato":7,"minecraft:copper_ingot":23,"minecraft:iron_chestplate":1,"minecraft:stick":16,"minecraft:iron_ingot":7,"minecraft:iron_pickaxe":1,"minecraft:gold_ingot":54,"mna:vinteum_dust":4,"minecraft:raw_iron":36,"minecraft:iron_nugget":9,"minecraft:stone_pickaxe":1,"orcz:orcteeth_tool_pickaxe":1,"sophisticatedbackpacks:iron_backpack":4,"minecraft:cooked_beef":13,"sophisticatedbackpacks:gold_backpack":2,"minecraft:stone_axe":2,"simplyswords:iron_greathammer":1,"minecraft:air":0,"iceandfire:bestiary":1,"minecraft:iron_leggings":1,"minecraft:golden_hoe":1,"minecraft:diamond_chestplate":1},"minecraft:picked_up":{"minecraft:iron_chestplate":5,"minecraft:wheat":54,"minecraft:redstone_block":2,"minecraft:enchanted_book":2,"iceandfire:myrmex_jungle_chitin":13,"botania:light_blue_mushroom":1,"minecraft:brewing_stand":2,"botania:light_blue_double_flower":1,"iceandfire:manuscript":50,"minecraft:string":9,"minecraft:raw_copper":30,"alexsmobs:ancient_dart":2,"minecraft:iron_leggings":6,"minecraft:armor_stand":5,"irons_spellbooks:arcane_essence":3,"minecraft:gold_nugget":451,"minecraft:bucket":21,"minecraft:iron_pickaxe":1,"mna:guide_book":2,"minecraft:melon_slice":1,"minecraft:coal_block":8,"minecraft:furnace":17,"minecraft:iron_boots":4,"minecraft:stick":13,"botania:lexicon":1,"iceandfire:ghost_chest":2,"orcz:orcskull":1,"botania:cyan_double_flower":5,"mna:staff_gold":1,"untamedwilds:flora_common_reed":24,"mna:brazier":11,"iceandfire:pixie_house_mushroom_brown":2,"minecraft:torch":4,"botania:yellow_mystical_flower":13,"minecraft:spruce_stairs":1,"minecraft:porkchop":5,"minecraft:pointed_dripstone":2,"destroy:raw_nickel":16,"mekanism:raw_tin":7,"botania:white_mystical_flower":5,"iceandfire:lightning_lily":1,"luminousworld:grassflowers":1,"luminousworld:soft_birch_log":1,"minecraft:rotten_flesh":34,"botania:orange_double_flower":1,"mna:pedestal":2,"luminousworld:yellow_grassflowers":1,"botania:light_gray_mystical_flower":2,"create:scoria":1,"orcz:orcshroom":3,"minecraft:iron_block":6,"create:asurine":1,"luminousworld:tall_deadbush":1,"minecraft:iron_bars":1,"mna:wand_amethyst":1,"minecraft:cobblestone":97,"minecraft:birch_log":1,"minecraft:magma_block":1,"minecraft:pink_petals":7,"minecraft:mossy_cobblestone_slab":2,"minecraft:feather":8,"minecraft:lilac":11,"orcz:orcteeth":25,"minecraft:repeater":1,"mna:rune_marking":1,"mna:sachet_water":3,"minecraft:smoker":2,"minecraft:potato":4,"alexsmobs:bison_fur":2,"minecraft:tuff":15,"create:raw_zinc":2,"minecraft:lapis_lazuli":39,"minecraft:dirt":41,"minecraft:name_tag":2,"minecraft:bone":19,"botania:cyan_mystical_flower":21,"minecraft:bow":1,"iceandfire:myrmex_jungle_resin":6,"minecraft:wheat_seeds":3,"botania:pink_mystical_flower":4,"botania:purple_mystical_flower":17,"luminousworld:elephant_grass":1,"untamedwilds:material_shark_tooth":4,"minecraft:mossy_stone_bricks":1,"mna:cerublossom":2,"minecraft:oak_planks":6,"mna:staff_prismarinecrystal":1,"luminousworld:bass_item":1,"minecraft:chiseled_polished_blackstone":25,"patchouli:guide_book":1,"luminousworld:creepberries":1,"iceandfire:pixie_house_birch":3,"mna:runescribing_table":2,"minecraft:sand":3,"orcz:blue_orcshroom":1,"simplyswords:iron_greathammer":1,"minecraft:dark_oak_log":1,"iceandfire:myrmex_stinger":4,"alexsmobs:animal_dictionary":1,"minecraft:mossy_cobblestone":7,"mna:manaweaving_altar":2,"minecraft:bundle":1,"minecraft:diamond":10,"iceandfire:lectern":3,"luminousworld:yellowpetunias":1,"botania:orange_mushroom":1,"minecraft:granite":2,"iceandfire:myrmex_jungle_biolight":1,"minecraft:emerald":4,"minecraft:bread":38,"orcz:ironscrap":13,"alexsmobs:maggot":2,"minecraft:netherrack":3,"minecraft:oak_sapling":1,"untamedwilds:flora_titan_arum_corm":1,"iceandfire:raw_silver":4,"luminousworld:groundpebbles_1":4,"minecraft:charcoal":24,"minecraft:crafting_table":10,"minecraft:azure_bluet":1,"minecraft:chicken":7,"iceandfire:fire_lily":1,"minecraft:brown_mushroom":3,"minecraft:wooden_pickaxe":2,"untamedwilds:flora_canola":1,"minecraft:gold_block":83,"gravestone:obituary":4,"minecraft:chain":1,"minecraft:shield":1,"minecraft:red_bed":6,"minecraft:item_frame":6,"minecraft:iron_shovel":1,"minecraft:cracked_stone_bricks":2,"untamedwilds:flora_water_hyacinth_item":3,"minecraft:beef":46,"minecraft:poppy":11,"minecraft:lectern":1,"minecraft:sugar_cane":22,"minecraft:chest":2,"minecraft:raw_iron":92,"minecraft:copper_ingot":8,"untamedwilds:flora_bush_temperate":4,"sophisticatedbackpacks:backpack":2,"minecraft:polished_blackstone_bricks":10,"orcz:orchorn":2,"luminousworld:beastiary":1,"minecraft:redstone":16,"minecraft:stone_pressure_plate":1,"minecraft:blue_carpet":2,"minecraft:tnt":645,"minecraft:arrow":12,"iceandfire:silver_ingot":6,"botania:lime_mystical_flower":5,"destroy:fluorite":6,"minecraft:hay_block":60,"botania:blue_mystical_flower":9,"minecraft:gold_ingot":4,"sophisticatedbackpacks:copper_backpack":1,"minecraft:polished_blackstone":1,"botania:green_mystical_flower":6,"mna:vinteum_dust":35,"minecraft:mutton":29,"minecraft:white_wool":26,"minecraft:bone_block":1,"mna:torn_journal_page":8,"minecraft:leather":34,"mna:runeforge":3,"minecraft:red_mushroom":6,"botania:green_double_flower":1,"minecraft:oak_log":40,"iceandfire:ectoplasm":6,"minecraft:cobbled_deepslate_stairs":1,"minecraft:gunpowder":10,"botania:light_blue_mystical_flower":17,"botania:black_mystical_flower":5,"destroy:aging_barrel":2,"untamedwilds:spawn_tortoise":6,"minecraft:stone_bricks":9,"minecraft:apple":1,"minecraft:gray_carpet":2,"farmersdelight:cooking_pot":1,"untamedwilds:material_fat":3,"minecraft:iron_ingot":29,"minecraft:stone_pickaxe":1,"minecraft:cobweb":13,"minecraft:glass_bottle":2,"minecraft:book":77,"botania:purple_double_flower":2,"luminousworld:clovers_1":2,"minecraft:pumpkin":5,"orcz:bone_1":2,"mna:raw_vinteum":23,"minecraft:dandelion":1,"minecraft:raw_iron_block":16,"luminousworld:sunset_petunias":2,"botania:lime_mushroom":1,"mna:aum":2,"mekanism:raw_osmium":27,"minecraft:spider_eye":1,"minecraft:leather_helmet":1,"iceandfire:pixie_house_spruce":3,"botania:orange_mystical_flower":12,"minecraft:iron_helmet":5,"minecraft:cherry_sapling":1,"minecraft:mossy_cobblestone_stairs":1,"minecraft:black_wool":1,"minecraft:coal":285,"minecraft:ender_pearl":1}},"DataVersion":3465}