{"stats":{"minecraft:mined":{"minecraft:blue_carpet":2,"create:deepslate_zinc_ore":2,"minecraft:stone_pressure_plate":1,"orcz:orcamanita":2,"luminousworld:yellowpetunias":1,"mna:brazier":1,"iceandfire:copper_pile":41,"minecraft:cobbled_deepslate_stairs":1,"destroy:fluorite_ore":8,"minecraft:brewing_stand":2,"minecraft:potted_dead_bush":1,"minecraft:granite":4,"botania:light_blue_mushroom":1,"minecraft:chiseled_polished_blackstone":26,"minecraft:grass_block":23,"iceandfire:lectern":3,"minecraft:coal_block":8,"minecraft:mud_bricks":2,"luminousworld:savanna_grass_2":4,"minecraft:spawner":5,"minecraft:raw_iron_block":15,"minecraft:magma_block":1,"minecraft:polished_blackstone_bricks":6,"botania:purple_mystical_flower":8,"minecraft:mossy_cobblestone_slab":1,"minecraft:mossy_cobblestone_stairs":1,"minecraft:iron_ore":7,"minecraft:fire":9,"minecraft:pumpkin":2,"minecraft:azure_bluet":1,"mna:mage_light":1,"create:asurine":1,"mna:runescribing_table":1,"minecraft:pointed_dripstone":2,"iceandfire:gold_pile":38,"minecraft:iron_bars":1,"iceandfire:pixie_house_spruce":1,"minecraft:iron_block":6,"botania:light_blue_mystical_flower":4,"minecraft:tripwire":1,"luminousworld:creepbush":1,"botania:orange_mystical_flower":5,"untamedwilds:flora_water_hyacinth":6,"mekanism:osmium_ore":5,"minecraft:brown_mushroom":1,"minecraft:red_bed":2,"irons_spellbooks:alchemist_cauldron":1,"luminousworld:birchtreemushrooms":1,"luminousworld:tall_deadbush":2,"minecraft:smoker":6,"minecraft:torch":1,"untamedwilds:flora_common_reed":8,"minecraft:blast_furnace":1,"destroy:deepslate_nickel_ore":2,"minecraft:poppy":11,"mna:cerublossom":2,"iceandfire:ghost_chest":2,"botania:purple_double_flower":1,"minecraft:chest":2,"create:scoria":1,"mekanism:tin_ore":5,"untamedwilds:flora_elephant_ear":1,"iceandfire:fire_lily":3,"minecraft:glass":2,"minecraft:cobblestone":21,"botania:blue_mystical_flower":1,"minecraft:sugar_cane":31,"minecraft:oak_planks":5,"minecraft:wall_torch":2,"minecraft:pink_petals":2,"minecraft:repeater":1,"luminousworld:clovers_1":1,"minecraft:birch_log":1,"minecraft:lilac":11,"minecraft:stone_brick_stairs":1,"minecraft:tnt":351,"minecraft:grass":58,"mekanism:deepslate_tin_ore":2,"minecraft:oak_log":12,"minecraft:dirt":16,"minecraft:sand":3,"luminousworld:grassvariant_3":8,"untamedwilds:flora_canola":1,"minecraft:red_mushroom_block":14,"minecraft:netherrack":4,"luminousworld:savannah_grass_4":16,"minecraft:oak_leaves":23,"luminousworld:savannah_ground":3,"iceandfire:lightning_lily":1,"luminousworld:groundpebbles_1":1,"minecraft:tuff":16,"iceandfire:silver_ore":4,"botania:orange_double_flower":1,"minecraft:mossy_cobblestone":7,"luminousworld:grassvariant_4":9,"minecraft:dark_oak_log":1,"iceandfire:pixie_house_birch":1,"mekanism:deepslate_osmium_ore":2,"gravestone:gravestone":16,"luminousworld:clovers_4":1,"botania:orange_mushroom":1,"minecraft:redstone_wire":12,"luminousworld:grassvariant_2":8,"mna:vinteum_ore":5,"mna:wakebloom":1,"luminousworld:groundpebbles_3":2,"orcz:bone_1deco":2,"minecraft:hay_block":60,"luminousworld:sunset_petunias":2,"minecraft:furnace":11,"luminousworld:yellow_grassflowers":1,"mna:aum":2,"minecraft:gold_block":33,"mna:manaweaving_altar":1,"orcz:orcshroom":1,"destroy:nickel_ore":14,"minecraft:vine":2,"luminousworld:clovers_3":1,"minecraft:stone":68,"minecraft:bone_block":1,"orcz:scrapblock":6,"luminousworld:soft_birch_log":1,"luminousworld:savannah_soil":6,"mna:tarma_root":1,"botania:lime_mystical_flower":2,"botania:lime_mushroom":1,"minecraft:dandelion":2,"minecraft:oak_fence":2,"minecraft:crafting_table":9,"untamedwilds:flora_bush_temperate":4,"luminousworld:savannah_grass_1":2,"iceandfire:pixie_house_mushroom_brown":2,"luminousworld:grassflowers":1,"minecraft:copper_ore":9,"minecraft:tall_grass":9,"botania:pink_mystical_flower":4,"minecraft:spruce_stairs":1,"destroy:aging_barrel":2,"untamedwilds:block_burrow":4,"minecraft:coarse_dirt":7,"mna:runeforge":2,"iceandfire:myrmex_jungle_biolight":1,"minecraft:mangrove_leaves":2,"mna:filler_block":1,"botania:white_mystical_flower":5,"botania:yellow_mystical_flower":7,"minecraft:coal_ore":112,"untamedwilds:flora_titan_arum":1,"minecraft:gray_carpet":2,"minecraft:cobweb":1,"minecraft:cracked_stone_bricks":2,"minecraft:polished_blackstone":1,"minecraft:stone_bricks":7,"luminousworld:elephant_grass":3,"minecraft:mossy_stone_bricks":1},"minecraft:crafted":{"minecraft:oak_planks":32,"iceandfire:lectern":1,"minecraft:cooked_mutton":8,"sophisticatedbackpacks:copper_backpack":4,"minecraft:chest":2,"sophisticatedbackpacks:backpack":3,"minecraft:crafting_table":2,"minecraft:baked_potato":7,"minecraft:copper_ingot":39,"minecraft:iron_chestplate":1,"orcz:bone_1deco":2,"sophisticatedbackpacks:diamond_backpack":1,"minecraft:stick":16,"minecraft:iron_ingot":7,"minecraft:iron_pickaxe":1,"minecraft:gold_ingot":81,"mna:vinteum_dust":4,"minecraft:raw_iron":36,"minecraft:iron_nugget":9,"minecraft:stone_pickaxe":1,"orcz:orcteeth_tool_pickaxe":1,"sophisticatedbackpacks:iron_backpack":5,"minecraft:cooked_beef":54,"sophisticatedbackpacks:gold_backpack":5,"minecraft:stone_axe":2,"ribbits:maraca":1,"simplyswords:iron_greathammer":1,"minecraft:air":0,"iceandfire:bestiary":1,"minecraft:iron_leggings":1,"minecraft:golden_hoe":1,"minecraft:diamond_chestplate":1},"minecraft:killed_by":{"minecraft:creeper":1,"minecraft:vindicator":3,"minecraft:zombie":2,"untamedwilds:terror_bird":1,"untamedwilds:boar":1,"irons_spellbooks:summoned_skeleton":1,"alexsmobs:tiger":2,"minecraft:skeleton":1,"irons_spellbooks:apothecarist":1,"iceandfire:myrmex_sentinel":1},"minecraft:broken":{"orcz:orcteeth_tool_pickaxe":1,"minecraft:stone_axe":1,"minecraft:golden_hoe":1},"minecraft:killed":{"untamedwilds:hyena":1,"untamedwilds:large_snake":1,"untamedwilds:wildebeest":1,"minecraft:spider":6,"minecraft:skeleton":4,"luminousworld:ringlet":1,"minecraft:chicken":4,"irons_spellbooks:summoned_skeleton":1,"iceandfire:myrmex_worker":6,"minecraft:pig":2,"untamedwilds:boar":2,"irons_spellbooks:necromancer":1,"minecraft:creeper":2,"luminousworld:crab":1,"minecraft:sheep":6,"minecraft:zombie":21,"orcz:bigorcboss":1,"alexsmobs:fly":1,"untamedwilds:snake":2,"iceandfire:pixie":1,"luminousworld:dark_oak_zombie":3,"orcz:orcsavage_2sword":1,"orcz:snot":8,"orcz:orcshield":2,"minecraft:cow":5,"irons_spellbooks:summoned_zombie":2,"alexsmobs:tiger":1,"minecraft:vindicator":2,"alexsmobs:seagull":1,"luminousworld:yellow_swallowtail":2,"luminousworld:treant":1,"luminousworld:monarch":1,"alexsmobs:bison":1,"orcz:orcsavagemace":2,"mna:barkling":1,"luminousworld:savannah_zombie":1,"iceandfire:myrmex_sentinel":1,"mna:living_ward":1,"mna:witch_hunter":1,"iceandfire:ghost":4,"minecraft:enderman":1},"minecraft:picked_up":{"irons_spellbooks:scroll":1,"minecraft:iron_chestplate":5,"minecraft:wheat":54,"minecraft:redstone_block":2,"minecraft:flower_pot":1,"minecraft:smithing_table":1,"minecraft:wither_rose":1,"minecraft:enchanted_book":2,"iceandfire:myrmex_jungle_chitin":13,"minecraft:stone_brick_stairs":1,"botania:light_blue_mushroom":1,"minecraft:brewing_stand":3,"botania:light_blue_double_flower":1,"iceandfire:manuscript":50,"irons_spellbooks:nature_rune":1,"minecraft:string":18,"minecraft:raw_copper":30,"alexsmobs:ancient_dart":2,"minecraft:iron_leggings":6,"minecraft:armor_stand":5,"irons_spellbooks:arcane_essence":9,"minecraft:gold_nugget":703,"minecraft:bucket":21,"minecraft:iron_pickaxe":1,"mna:guide_book":2,"minecraft:melon_slice":1,"minecraft:coal_block":8,"minecraft:iron_boots":4,"minecraft:furnace":17,"minecraft:stick":15,"botania:lexicon":1,"iceandfire:ghost_chest":2,"orcz:orcskull":1,"botania:cyan_double_flower":7,"mna:staff_gold":1,"untamedwilds:flora_common_reed":24,"mna:brazier":11,"iceandfire:pixie_house_mushroom_brown":2,"minecraft:torch":5,"botania:yellow_mystical_flower":13,"minecraft:spruce_stairs":1,"luminousworld:savannah_soil":6,"minecraft:porkchop":5,"minecraft:pointed_dripstone":2,"destroy:raw_nickel":16,"orcz:palisadedarkoak":3,"mekanism:raw_tin":7,"minecraft:cauldron":1,"botania:white_mystical_flower":14,"iceandfire:lightning_lily":1,"luminousworld:grassflowers":1,"minecraft:rotten_flesh":42,"botania:orange_double_flower":1,"mna:pedestal":2,"luminousworld:yellow_grassflowers":2,"luminousworld:soft_birch_log":1,"botania:light_gray_mystical_flower":9,"create:scoria":1,"orcz:orcshroom":4,"mna:constructs/construct_hammer_arm_right_iron":1,"minecraft:iron_block":6,"create:asurine":1,"luminousworld:tall_deadbush":1,"luminousworld:far_lands":1,"botania:blue_double_flower":2,"luminousworld:savannah_ground":3,"minecraft:iron_bars":1,"mna:wand_amethyst":1,"minecraft:cobblestone":113,"minecraft:birch_log":1,"minecraft:pink_petals":7,"minecraft:magma_block":1,"minecraft:mossy_cobblestone_slab":2,"minecraft:feather":8,"minecraft:lilac":11,"orcz:orcteeth":44,"minecraft:repeater":1,"mna:rune_marking":1,"mna:sachet_water":9,"minecraft:smoker":6,"minecraft:potato":4,"alexsmobs:bison_fur":2,"minecraft:tuff":15,"create:raw_zinc":2,"minecraft:lapis_lazuli":39,"minecraft:dirt":42,"minecraft:name_tag":2,"minecraft:bone":33,"botania:cyan_mystical_flower":24,"minecraft:bow":1,"iceandfire:myrmex_jungle_resin":6,"minecraft:wheat_seeds":10,"botania:pink_mystical_flower":8,"ribbits:maraca":1,"botania:purple_mystical_flower":23,"luminousworld:elephant_grass":3,"untamedwilds:material_shark_tooth":4,"minecraft:mossy_stone_bricks":1,"mna:cerublossom":2,"minecraft:oak_planks":6,"botania:gray_mystical_flower":2,"mna:staff_prismarinecrystal":1,"luminousworld:bass_item":1,"minecraft:cooked_porkchop":2,"minecraft:chiseled_polished_blackstone":25,"patchouli:guide_book":1,"luminousworld:creepberries":1,"botania:pink_double_flower":1,"orcz:orcagaric":1,"iceandfire:pixie_house_birch":3,"mna:runescribing_table":2,"minecraft:sand":3,"orcz:blue_orcshroom":2,"minecraft:dead_bush":1,"simplyswords:iron_greathammer":1,"minecraft:dark_oak_log":1,"iceandfire:myrmex_stinger":4,"alexsmobs:animal_dictionary":1,"minecraft:mossy_cobblestone":7,"mna:manaweaving_altar":2,"minecraft:bundle":1,"minecraft:diamond":18,"iceandfire:lectern":3,"luminousworld:yellowpetunias":2,"botania:orange_mushroom":1,"minecraft:granite":4,"iceandfire:myrmex_jungle_biolight":1,"minecraft:emerald":14,"minecraft:bread":38,"orcz:ironscrap":24,"alexsmobs:maggot":2,"minecraft:oak_sapling":1,"minecraft:netherrack":3,"untamedwilds:flora_titan_arum_corm":1,"iceandfire:raw_silver":7,"minecraft:crafting_table":12,"luminousworld:groundpebbles_1":4,"minecraft:charcoal":24,"minecraft:coarse_dirt":7,"minecraft:azure_bluet":1,"mna:tarma_root":1,"minecraft:chicken":7,"iceandfire:fire_lily":3,"minecraft:brown_mushroom":3,"minecraft:wooden_pickaxe":2,"untamedwilds:flora_canola":1,"minecraft:gold_block":83,"gravestone:obituary":5,"minecraft:chain":1,"minecraft:shield":1,"mna:rune_pattern":2,"minecraft:red_bed":6,"minecraft:item_frame":6,"minecraft:iron_shovel":2,"botania:magenta_mystical_flower":5,"minecraft:cracked_stone_bricks":3,"untamedwilds:flora_water_hyacinth_item":4,"minecraft:beef":46,"minecraft:poppy":11,"minecraft:lectern":1,"minecraft:sugar_cane":82,"minecraft:chest":2,"minecraft:raw_iron":93,"minecraft:copper_ingot":14,"untamedwilds:flora_bush_temperate":4,"sophisticatedbackpacks:backpack":2,"minecraft:polished_blackstone_bricks":10,"orcz:orchorn":3,"luminousworld:beastiary":1,"minecraft:redstone":20,"irons_spellbooks:alchemist_cauldron":1,"minecraft:stone_pressure_plate":1,"minecraft:blue_carpet":2,"minecraft:tnt":645,"iceandfire:silver_ingot":6,"minecraft:arrow":14,"botania:lime_mystical_flower":6,"destroy:fluorite":8,"minecraft:hay_block":60,"botania:blue_mystical_flower":11,"minecraft:saddle":1,"minecraft:gold_ingot":4,"sophisticatedbackpacks:copper_backpack":1,"minecraft:polished_blackstone":1,"botania:green_mystical_flower":6,"mna:vinteum_dust":36,"minecraft:mutton":63,"botania:magenta_double_flower":1,"minecraft:white_wool":29,"minecraft:bone_block":1,"mna:torn_journal_page":15,"minecraft:mud_bricks":1,"minecraft:leather":36,"mna:runeforge":3,"minecraft:red_mushroom":6,"botania:green_double_flower":1,"minecraft:oak_log":40,"iceandfire:ectoplasm":6,"minecraft:cobbled_deepslate_stairs":1,"minecraft:gunpowder":10,"botania:light_blue_mystical_flower":25,"botania:black_mystical_flower":9,"destroy:aging_barrel":2,"untamedwilds:spawn_tortoise":6,"minecraft:cooked_mutton":1,"minecraft:stone_bricks":9,"minecraft:apple":1,"minecraft:gray_carpet":2,"farmersdelight:cooking_pot":1,"untamedwilds:material_fat":3,"minecraft:iron_ingot":36,"minecraft:stone_pickaxe":1,"minecraft:cobweb":13,"minecraft:glass_bottle":2,"minecraft:book":77,"botania:purple_double_flower":2,"iceandfire:copper_nugget":350,"luminousworld:clovers_1":2,"orcz:bone_1":2,"minecraft:pumpkin":5,"mna:raw_vinteum":23,"minecraft:dandelion":2,"minecraft:raw_iron_block":16,"luminousworld:sunset_petunias":2,"orcz:bone_1deco":2,"orcz:orcamanita":1,"minecraft:blast_furnace":1,"botania:lime_mushroom":1,"mna:aum":2,"mekanism:raw_osmium":29,"minecraft:spider_eye":1,"minecraft:leather_helmet":1,"iceandfire:pixie_house_spruce":3,"botania:orange_mystical_flower":12,"minecraft:iron_helmet":5,"minecraft:cherry_sapling":1,"minecraft:mossy_cobblestone_stairs":1,"minecraft:melon_seeds":3,"minecraft:mangrove_propagule":1,"botania:brown_mystical_flower":6,"minecraft:damaged_anvil":1,"minecraft:black_wool":1,"minecraft:coal":324,"minecraft:ender_pearl":1},"minecraft:custom":{"minecraft:interact_with_crafting_table":42,"minecraft:open_barrel":41,"minecraft:bell_ring":2,"minecraft:eat_cake_slice":5,"minecraft:leave_game":6,"minecraft:time_since_death":4803,"minecraft:sprint_one_cm":882655,"minecraft:damage_blocked_by_shield":45,"minecraft:drop":139,"minecraft:play_time":300314,"minecraft:deaths":15,"minecraft:jump":5352,"minecraft:walk_on_water_one_cm":56664,"minecraft:interact_with_furnace":27,"minecraft:traded_with_villager":1,"minecraft:sleep_in_bed":6,"minecraft:damage_dealt":17894,"minecraft:crouch_one_cm":22326,"minecraft:interact_with_smoker":12,"minecraft:inspect_dispenser":16,"minecraft:mob_kills":111,"minecraft:damage_dealt_resisted":85,"minecraft:climb_one_cm":25419,"minecraft:walk_one_cm":851348,"minecraft:sneak_time":9295,"minecraft:walk_under_water_one_cm":28095,"minecraft:interact_with_blast_furnace":1,"minecraft:total_world_time":300314,"minecraft:time_since_rest":1225,"minecraft:damage_taken":8615,"minecraft:trigger_trapped_chest":2,"minecraft:swim_one_cm":62723,"minecraft:fly_one_cm":1030345,"minecraft:open_chest":150,"minecraft:fall_one_cm":166550},"minecraft:used":{"iceandfire:lectern":3,"minecraft:cherry_sapling":1,"minecraft:iron_shovel":1,"minecraft:bone_block":1,"minecraft:shield":2,"minecraft:chest":1,"luminousworld:soft_birch_log":1,"minecraft:stone":1,"untamedwilds:spawn_tortoise":6,"luminousworld:savannah_ground":3,"minecraft:mutton":2,"orcz:orcshroom":2,"minecraft:iron_helmet":1,"minecraft:stone_brick_stairs":1,"minecraft:item_frame":6,"minecraft:stone_bricks":6,"minecraft:bow":14,"minecraft:furnace":6,"untamedwilds:material_fat":3,"minecraft:egg":5,"luminousworld:clovers_1":2,"simplyswords:gold_chakram":4,"mna:tarma_root":1,"minecraft:chiseled_polished_blackstone":25,"minecraft:stone_pickaxe":90,"minecraft:wooden_pickaxe":4,"luminousworld:groundpebbles_1":3,"minecraft:golden_hoe":32,"simplyswords:iron_greathammer":245,"mna:runeforge":1,"mna:cerublossom":2,"minecraft:dark_oak_log":1,"minecraft:bread":69,"create:asurine":1,"minecraft:chain":1,"minecraft:coarse_dirt":7,"mna:runescribing_table":1,"minecraft:iron_bars":1,"mna:mithions_magnificent_mbag":1,"minecraft:armor_stand":1,"minecraft:cooked_salmon":9,"minecraft:netherrack":3,"minecraft:torch":53,"minecraft:dirt":30,"luminousworld:grassflowers":1,"orcz:palisadedarkoak":3,"minecraft:granite":2,"untamedwilds:flora_canola":1,"luminousworld:savannah_soil":6,"minecraft:cooked_beef":8,"mna:manaweaving_altar":1,"minecraft:cooked_mutton":4,"minecraft:water_bucket":2,"iceandfire:myrmex_jungle_biolight":1,"minecraft:baked_potato":2,"orcz:orcteeth_tool_pickaxe":258,"luminousworld:yellow_grassflowers":1,"minecraft:cracked_stone_bricks":2,"minecraft:crafting_table":11,"minecraft:red_bed":7,"mna:aum":2,"minecraft:smoker":2,"minecraft:apple":6,"minecraft:mangrove_propagule":1,"minecraft:iron_pickaxe":294,"destroy:aging_barrel":1,"minecraft:stone_axe":194,"minecraft:pink_petals":7,"luminousworld:sunset_petunias":2,"orcz:bone_1deco":2,"minecraft:cobblestone":87,"untamedwilds:flora_bush_temperate":3,"minecraft:bucket":2,"minecraft:dandelion":1},"minecraft:dropped":{"orcz:orcteeth_tool_pickaxe":1,"luminousworld:yellowpetunias":2,"minecraft:cooked_beef":25,"minecraft:oak_log":11,"minecraft:baked_potato":5,"minecraft:crafting_table":2,"minecraft:cooked_porkchop":9,"mna:vinteum_dust":9,"orcz:blue_orcshroom":1,"minecraft:leather":30,"minecraft:leather_helmet":1,"minecraft:red_mushroom":1,"ribbits:maraca":2,"minecraft:dirt":1,"minecraft:red_bed":2,"minecraft:mutton":1,"simplyswords:gold_chakram":1,"gravestone:obituary":18,"minecraft:gold_nugget":64,"minecraft:polished_blackstone_bricks":10,"minecraft:birch_log":1,"mna:torn_journal_page":5,"minecraft:white_wool":22,"minecraft:cauldron":1,"minecraft:bone":6,"minecraft:stone_axe":1,"botania:purple_double_flower":1,"alexsmobs:animal_dictionary":1,"minecraft:pointed_dripstone":2,"minecraft:rotten_flesh":20,"luminousworld:tall_deadbush":1,"minecraft:cooked_mutton":5,"minecraft:azure_bluet":1,"orcz:orcshroom":2,"patchouli:guide_book":2,"iceandfire:ghost_chest":2,"create:scoria":1,"farmersdelight:rope":4,"untamedwilds:flora_water_hyacinth_item":1,"minecraft:beef":10,"iceandfire:manuscript":18,"luminousworld:beastiary":1,"minecraft:bread":1,"minecraft:wheat_seeds":2,"minecraft:cobbled_deepslate_stairs":1,"minecraft:mossy_cobblestone":3,"minecraft:polished_blackstone":1,"minecraft:iron_helmet":1,"minecraft:cobblestone":2,"minecraft:book":10,"luminousworld:creepberries":1,"minecraft:apple":2,"luminousworld:far_lands":1,"minecraft:granite":2,"minecraft:spruce_stairs":1,"minecraft:cobweb":7,"minecraft:mossy_cobblestone_slab":2,"minecraft:melon_slice":69,"minecraft:potion":1,"minecraft:iron_leggings":2,"minecraft:pumpkin":3,"minecraft:mossy_cobblestone_stairs":1,"mna:rune_marking":2,"minecraft:redstone":1,"minecraft:tuff":15,"orcz:orcamanita":1,"orcz:orcteeth_tool_sword":1,"alexsmobs:ancient_dart":1,"orcz:ironscrap":1,"minecraft:shears":1,"minecraft:diamond_chestplate":1,"minecraft:bundle":2,"minecraft:iron_chestplate":2,"luminousworld:groundpebbles_1":1,"minecraft:oak_sapling":1,"minecraft:stone_bricks":3,"luminousworld:elephant_grass":1,"minecraft:stone_pickaxe":1,"minecraft:wooden_pickaxe":1,"untamedwilds:spawn_tortoise":1,"simplyswords:iron_greathammer":1,"orcz:orchorn":1}},"DataVersion":3465}