{"stats":{"minecraft:dropped":{"minecraft:wheat_seeds":1,"orcz:orcteeth_tool_pickaxe":1,"minecraft:cobbled_deepslate_stairs":1,"minecraft:baked_potato":5,"anthropology_items__structures:hunters_machete":1,"minecraft:crafting_table":2,"minecraft:cooked_porkchop":9,"mna:vinteum_dust":8,"minecraft:cobblestone":2,"minecraft:book":10,"luminousworld:creepberries":1,"orcz:blue_orcshroom":1,"minecraft:leather":30,"minecraft:apple":2,"minecraft:granite":2,"minecraft:spruce_stairs":1,"minecraft:leather_helmet":1,"minecraft:cobweb":7,"minecraft:red_bed":2,"minecraft:melon_slice":69,"minecraft:iron_leggings":1,"gravestone:obituary":1,"minecraft:pumpkin":3,"minecraft:gold_nugget":64,"minecraft:white_wool":22,"minecraft:birch_log":1,"mna:rune_marking":1,"minecraft:bone":6,"botania:purple_double_flower":1,"minecraft:stone_axe":1,"alexsmobs:animal_dictionary":1,"minecraft:tuff":2,"minecraft:rotten_flesh":20,"luminousworld:tall_deadbush":1,"orcz:orcteeth_tool_sword":1,"orcz:orcshroom":2,"orcz:ironscrap":1,"minecraft:shears":1,"patchouli:guide_book":2,"create:scoria":1,"minecraft:iron_chestplate":2,"minecraft:stone_bricks":1,"minecraft:stone_pickaxe":1,"minecraft:beef":8,"minecraft:wooden_pickaxe":1,"untamedwilds:spawn_tortoise":1,"iceandfire:manuscript":18,"orcz:orchorn":1},"minecraft:crafted":{"minecraft:oak_planks":24,"sophisticatedbackpacks:copper_backpack":1,"minecraft:stone_pickaxe":1,"orcz:orcteeth_tool_pickaxe":1,"minecraft:chest":2,"minecraft:cooked_beef":13,"sophisticatedbackpacks:backpack":1,"minecraft:crafting_table":1,"minecraft:baked_potato":7,"minecraft:copper_ingot":8,"minecraft:stone_axe":1,"minecraft:air":0,"iceandfire:bestiary":1,"minecraft:iron_chestplate":1,"minecraft:stick":12,"minecraft:iron_ingot":7,"mna:vinteum_dust":4},"minecraft:killed":{"untamedwilds:wildebeest":1,"minecraft:spider":2,"alexsmobs:seagull":1,"minecraft:skeleton":1,"luminousworld:ringlet":1,"minecraft:chicken":4,"orcz:orcsavagemace":1,"luminousworld:savannah_zombie":1,"iceandfire:myrmex_sentinel":1,"iceandfire:myrmex_worker":6,"minecraft:pig":2,"mna:witch_hunter":1,"untamedwilds:boar":1,"luminousworld:crab":1,"minecraft:sheep":3,"minecraft:zombie":1,"iceandfire:ghost":2,"orcz:bigorcboss":1,"untamedwilds:snake":2,"orcz:orcsavage_2sword":1,"orcz:snot":4,"orcz:orcshield":1,"minecraft:cow":5},"minecraft:picked_up":{"luminousworld:groundpebbles_1":3,"minecraft:iron_chestplate":1,"minecraft:crafting_table":1,"minecraft:chicken":7,"minecraft:wooden_pickaxe":2,"minecraft:enchanted_book":2,"iceandfire:myrmex_jungle_chitin":3,"gravestone:obituary":1,"minecraft:shield":1,"minecraft:brewing_stand":1,"botania:light_blue_double_flower":1,"iceandfire:manuscript":5,"minecraft:string":5,"minecraft:red_bed":4,"minecraft:raw_copper":30,"alexsmobs:ancient_dart":1,"minecraft:iron_leggings":2,"minecraft:cracked_stone_bricks":1,"untamedwilds:flora_water_hyacinth_item":3,"minecraft:beef":13,"minecraft:melon_slice":1,"minecraft:sugar_cane":16,"minecraft:chest":2,"minecraft:iron_boots":1,"minecraft:furnace":6,"botania:lexicon":1,"minecraft:stick":7,"minecraft:raw_iron":9,"orcz:orcskull":1,"untamedwilds:flora_common_reed":24,"minecraft:torch":1,"botania:yellow_mystical_flower":3,"minecraft:spruce_stairs":1,"untamedwilds:flora_bush_temperate":4,"sophisticatedbackpacks:backpack":2,"minecraft:porkchop":5,"orcz:orchorn":2,"luminousworld:beastiary":1,"destroy:raw_nickel":6,"mekanism:raw_tin":1,"iceandfire:lightning_lily":1,"minecraft:arrow":4,"minecraft:rotten_flesh":11,"luminousworld:yellow_grassflowers":1,"botania:light_gray_mystical_flower":2,"create:scoria":1,"destroy:fluorite":6,"orcz:orcshroom":3,"sophisticatedbackpacks:copper_backpack":1,"luminousworld:tall_deadbush":1,"mna:vinteum_dust":15,"minecraft:mutton":4,"minecraft:iron_bars":1,"minecraft:bone_block":1,"minecraft:white_wool":1,"minecraft:cobblestone":25,"minecraft:birch_log":1,"minecraft:feather":8,"orcz:orcteeth":25,"mna:rune_marking":1,"mna:sachet_water":3,"minecraft:leather":24,"minecraft:potato":4,"minecraft:tuff":2,"anthropology_items__structures:hunters_machete":1,"minecraft:oak_log":28,"minecraft:cobbled_deepslate_stairs":1,"minecraft:gunpowder":3,"minecraft:lapis_lazuli":12,"minecraft:dirt":7,"botania:light_blue_mystical_flower":13,"minecraft:name_tag":2,"untamedwilds:spawn_tortoise":2,"minecraft:bone":15,"minecraft:apple":1,"minecraft:stone_bricks":2,"untamedwilds:material_fat":3,"minecraft:wheat_seeds":3,"botania:purple_mystical_flower":6,"untamedwilds:material_shark_tooth":4,"minecraft:stone_pickaxe":1,"minecraft:iron_ingot":8,"luminousworld:elephant_grass":1,"minecraft:mossy_stone_bricks":1,"minecraft:glass_bottle":2,"mna:cerublossom":1,"minecraft:oak_planks":2,"minecraft:book":11,"luminousworld:bass_item":1,"botania:purple_double_flower":2,"orcz:bone_1":2,"minecraft:pumpkin":2,"mna:raw_vinteum":4,"patchouli:guide_book":1,"luminousworld:creepberries":1,"luminousworld:sunset_petunias":2,"minecraft:sand":3,"orcz:blue_orcshroom":1,"iceandfire:myrmex_stinger":3,"minecraft:mossy_cobblestone":4,"mna:aum":2,"alexsmobs:animal_dictionary":1,"minecraft:leather_helmet":1,"minecraft:diamond":8,"botania:orange_mystical_flower":8,"minecraft:granite":2,"iceandfire:myrmex_jungle_biolight":1,"minecraft:emerald":3,"minecraft:bread":38,"orcz:ironscrap":13,"minecraft:oak_sapling":1,"minecraft:black_wool":1,"untamedwilds:flora_titan_arum_corm":1,"minecraft:coal":32},"minecraft:custom":{"minecraft:mob_kills":45,"minecraft:interact_with_crafting_table":12,"minecraft:open_barrel":7,"minecraft:damage_dealt_resisted":85,"minecraft:leave_game":2,"minecraft:time_since_death":671,"minecraft:climb_one_cm":2875,"minecraft:sprint_one_cm":268544,"minecraft:walk_one_cm":220663,"minecraft:drop":67,"minecraft:play_time":91344,"minecraft:sneak_time":2310,"minecraft:deaths":3,"minecraft:walk_under_water_one_cm":8101,"minecraft:jump":1572,"minecraft:walk_on_water_one_cm":23970,"minecraft:total_world_time":91344,"minecraft:interact_with_furnace":21,"minecraft:sleep_in_bed":5,"minecraft:time_since_rest":705,"minecraft:damage_taken":1887,"minecraft:trigger_trapped_chest":2,"minecraft:damage_dealt":5947,"minecraft:swim_one_cm":25619,"minecraft:fly_one_cm":322159,"minecraft:open_chest":56,"minecraft:crouch_one_cm":3940,"minecraft:fall_one_cm":46282},"minecraft:killed_by":{"untamedwilds:boar":1,"minecraft:creeper":1,"iceandfire:myrmex_sentinel":1},"minecraft:used":{"minecraft:iron_bars":1,"minecraft:bone_block":1,"minecraft:chest":1,"untamedwilds:spawn_tortoise":2,"minecraft:cooked_salmon":5,"minecraft:torch":1,"minecraft:dirt":6,"orcz:orcshroom":1,"minecraft:stone_bricks":1,"minecraft:furnace":4,"untamedwilds:material_fat":3,"minecraft:cooked_beef":5,"iceandfire:myrmex_jungle_biolight":1,"minecraft:stone_pickaxe":75,"minecraft:baked_potato":2,"orcz:orcteeth_tool_pickaxe":54,"minecraft:wooden_pickaxe":4,"luminousworld:groundpebbles_1":2,"luminousworld:yellow_grassflowers":1,"minecraft:cracked_stone_bricks":1,"anthropology_items__structures:hunters_machete":100,"minecraft:crafting_table":1,"minecraft:red_bed":5,"mna:aum":2,"mna:cerublossom":1,"minecraft:apple":5,"minecraft:bread":5,"minecraft:stone_axe":82,"luminousworld:sunset_petunias":2,"minecraft:cobblestone":14,"untamedwilds:flora_bush_temperate":3},"minecraft:mined":{"iceandfire:lightning_lily":1,"minecraft:tuff":2,"orcz:orcamanita":1,"minecraft:mossy_cobblestone":4,"minecraft:cobbled_deepslate_stairs":1,"destroy:fluorite_ore":6,"minecraft:brewing_stand":1,"gravestone:gravestone":4,"minecraft:granite":2,"minecraft:grass_block":8,"mna:vinteum_ore":5,"mna:wakebloom":1,"luminousworld:groundpebbles_3":2,"luminousworld:savanna_grass_2":1,"minecraft:spawner":3,"luminousworld:sunset_petunias":2,"botania:purple_mystical_flower":3,"minecraft:furnace":4,"luminousworld:yellow_grassflowers":1,"minecraft:iron_ore":7,"mna:aum":2,"minecraft:pumpkin":2,"orcz:orcshroom":1,"destroy:nickel_ore":6,"minecraft:vine":1,"minecraft:iron_bars":1,"minecraft:stone":19,"minecraft:bone_block":1,"orcz:scrapblock":3,"luminousworld:creepbush":1,"untamedwilds:flora_water_hyacinth":2,"botania:orange_mystical_flower":3,"minecraft:red_bed":2,"luminousworld:tall_deadbush":2,"minecraft:crafting_table":2,"untamedwilds:flora_common_reed":8,"luminousworld:savannah_grass_1":2,"untamedwilds:flora_bush_temperate":4,"mna:cerublossom":1,"botania:purple_double_flower":1,"minecraft:chest":2,"create:scoria":1,"mekanism:tin_ore":1,"untamedwilds:flora_elephant_ear":1,"minecraft:copper_ore":9,"minecraft:tall_grass":5,"minecraft:cobblestone":7,"minecraft:wall_torch":1,"minecraft:spruce_stairs":1,"untamedwilds:block_burrow":1,"minecraft:birch_log":1,"iceandfire:myrmex_jungle_biolight":1,"minecraft:grass":18,"mna:filler_block":1,"minecraft:oak_log":11,"minecraft:coal_ore":27,"untamedwilds:flora_titan_arum":1,"minecraft:dirt":9,"minecraft:sand":3,"luminousworld:grassvariant_3":1,"minecraft:cracked_stone_bricks":1,"minecraft:stone_bricks":2,"luminousworld:elephant_grass":2,"luminousworld:savannah_grass_4":7,"minecraft:mossy_stone_bricks":1,"minecraft:oak_leaves":2}},"DataVersion":3465}