{"stats":{"minecraft:dropped":{"minecraft:wheat_seeds":1,"minecraft:cobbled_deepslate_stairs":1,"minecraft:baked_potato":5,"mna:vinteum_dust":5,"minecraft:cobblestone":2,"minecraft:book":10,"orcz:blue_orcshroom":1,"minecraft:leather":26,"minecraft:apple":1,"minecraft:granite":2,"minecraft:spruce_stairs":1,"minecraft:birch_log":1,"mna:rune_marking":1,"minecraft:bone":6,"botania:purple_double_flower":1,"minecraft:tuff":2,"minecraft:rotten_flesh":5,"luminousworld:tall_deadbush":1,"orcz:orcshroom":2,"orcz:ironscrap":1,"create:scoria":1,"minecraft:iron_chestplate":1,"minecraft:stone_bricks":1,"minecraft:wooden_pickaxe":1,"orcz:orchorn":1},"minecraft:crafted":{"minecraft:oak_planks":16,"sophisticatedbackpacks:copper_backpack":1,"minecraft:stone_pickaxe":1,"orcz:orcteeth_tool_pickaxe":1,"minecraft:chest":2,"minecraft:cooked_beef":13,"sophisticatedbackpacks:backpack":1,"minecraft:baked_potato":7,"minecraft:copper_ingot":8,"minecraft:stone_axe":1,"minecraft:air":0,"minecraft:iron_chestplate":1,"minecraft:stick":12,"minecraft:iron_ingot":7,"mna:vinteum_dust":4},"minecraft:killed":{"untamedwilds:wildebeest":1,"minecraft:spider":2,"luminousworld:ringlet":1,"minecraft:chicken":4,"orcz:orcsavagemace":1,"luminousworld:savannah_zombie":1,"minecraft:pig":2,"mna:witch_hunter":1,"untamedwilds:boar":1,"luminousworld:crab":1,"minecraft:sheep":3,"minecraft:zombie":1,"iceandfire:ghost":2,"orcz:bigorcboss":1,"untamedwilds:snake":2,"orcz:orcsavage_2sword":1,"orcz:snot":4,"orcz:orcshield":1,"minecraft:cow":5},"minecraft:picked_up":{"luminousworld:groundpebbles_1":2,"minecraft:chicken":7,"minecraft:wooden_pickaxe":2,"minecraft:enchanted_book":2,"minecraft:brewing_stand":1,"botania:light_blue_double_flower":1,"iceandfire:manuscript":5,"minecraft:string":5,"minecraft:red_bed":4,"minecraft:raw_copper":30,"alexsmobs:ancient_dart":1,"minecraft:iron_leggings":1,"minecraft:cracked_stone_bricks":1,"untamedwilds:flora_water_hyacinth_item":3,"minecraft:beef":13,"minecraft:sugar_cane":16,"minecraft:chest":2,"minecraft:iron_boots":1,"minecraft:furnace":6,"botania:lexicon":1,"minecraft:stick":6,"minecraft:raw_iron":9,"orcz:orcskull":1,"untamedwilds:flora_common_reed":24,"minecraft:torch":1,"botania:yellow_mystical_flower":3,"untamedwilds:flora_bush_temperate":4,"minecraft:spruce_stairs":1,"sophisticatedbackpacks:backpack":2,"minecraft:porkchop":5,"orcz:orchorn":2,"luminousworld:beastiary":1,"destroy:raw_nickel":6,"mekanism:raw_tin":1,"iceandfire:lightning_lily":1,"minecraft:arrow":4,"minecraft:rotten_flesh":5,"luminousworld:yellow_grassflowers":1,"botania:light_gray_mystical_flower":2,"create:scoria":1,"destroy:fluorite":6,"orcz:orcshroom":3,"luminousworld:tall_deadbush":1,"mna:vinteum_dust":12,"minecraft:mutton":4,"minecraft:iron_bars":1,"minecraft:bone_block":1,"minecraft:white_wool":1,"minecraft:cobblestone":25,"minecraft:birch_log":1,"minecraft:feather":7,"orcz:orcteeth":25,"mna:sachet_water":3,"minecraft:leather":24,"minecraft:potato":4,"minecraft:tuff":2,"minecraft:oak_log":28,"minecraft:cobbled_deepslate_stairs":1,"minecraft:gunpowder":3,"minecraft:lapis_lazuli":12,"minecraft:dirt":6,"botania:light_blue_mystical_flower":13,"minecraft:name_tag":2,"untamedwilds:spawn_tortoise":2,"minecraft:bone":15,"minecraft:apple":1,"minecraft:stone_bricks":2,"untamedwilds:material_fat":1,"minecraft:wheat_seeds":3,"botania:purple_mystical_flower":6,"minecraft:iron_ingot":8,"luminousworld:elephant_grass":1,"minecraft:mossy_stone_bricks":1,"mna:cerublossom":1,"minecraft:oak_planks":2,"minecraft:book":11,"luminousworld:bass_item":1,"botania:purple_double_flower":2,"minecraft:pumpkin":2,"orcz:bone_1":2,"mna:raw_vinteum":4,"patchouli:guide_book":1,"luminousworld:sunset_petunias":2,"orcz:blue_orcshroom":1,"minecraft:sand":3,"minecraft:mossy_cobblestone":4,"mna:aum":2,"alexsmobs:animal_dictionary":1,"minecraft:leather_helmet":1,"minecraft:diamond":8,"botania:orange_mystical_flower":8,"minecraft:granite":2,"minecraft:bread":38,"minecraft:emerald":3,"orcz:ironscrap":13,"minecraft:black_wool":1,"untamedwilds:flora_titan_arum_corm":1,"minecraft:coal":32},"minecraft:custom":{"minecraft:mob_kills":36,"minecraft:interact_with_crafting_table":11,"minecraft:open_barrel":7,"minecraft:damage_dealt_resisted":85,"minecraft:leave_game":2,"minecraft:time_since_death":63309,"minecraft:climb_one_cm":1074,"minecraft:sprint_one_cm":235153,"minecraft:walk_one_cm":201516,"minecraft:drop":35,"minecraft:play_time":80369,"minecraft:sneak_time":2117,"minecraft:deaths":1,"minecraft:walk_under_water_one_cm":6198,"minecraft:jump":1342,"minecraft:walk_on_water_one_cm":9730,"minecraft:total_world_time":80369,"minecraft:interact_with_furnace":21,"minecraft:sleep_in_bed":5,"minecraft:time_since_rest":4601,"minecraft:damage_taken":1065,"minecraft:trigger_trapped_chest":2,"minecraft:damage_dealt":4225,"minecraft:swim_one_cm":15925,"minecraft:fly_one_cm":295750,"minecraft:open_chest":56,"minecraft:crouch_one_cm":3504,"minecraft:fall_one_cm":38872},"minecraft:killed_by":{"untamedwilds:boar":1},"minecraft:used":{"minecraft:iron_bars":1,"minecraft:bone_block":1,"minecraft:chest":1,"untamedwilds:spawn_tortoise":2,"minecraft:cooked_salmon":5,"minecraft:torch":1,"minecraft:dirt":6,"orcz:orcshroom":1,"minecraft:stone_bricks":1,"minecraft:furnace":4,"untamedwilds:material_fat":1,"minecraft:cooked_beef":4,"minecraft:stone_pickaxe":75,"minecraft:baked_potato":2,"orcz:orcteeth_tool_pickaxe":54,"minecraft:wooden_pickaxe":4,"luminousworld:groundpebbles_1":2,"luminousworld:yellow_grassflowers":1,"minecraft:cracked_stone_bricks":1,"anthropology_items__structures:hunters_machete":57,"minecraft:red_bed":5,"mna:aum":2,"mna:cerublossom":1,"minecraft:apple":5,"minecraft:bread":5,"minecraft:stone_axe":74,"luminousworld:sunset_petunias":2,"minecraft:cobblestone":14,"untamedwilds:flora_bush_temperate":3},"minecraft:mined":{"iceandfire:lightning_lily":1,"minecraft:tuff":2,"orcz:orcamanita":1,"minecraft:mossy_cobblestone":4,"minecraft:cobbled_deepslate_stairs":1,"destroy:fluorite_ore":6,"minecraft:brewing_stand":1,"gravestone:gravestone":1,"minecraft:granite":2,"minecraft:grass_block":7,"mna:vinteum_ore":5,"mna:wakebloom":1,"luminousworld:groundpebbles_3":2,"luminousworld:savanna_grass_2":1,"minecraft:spawner":3,"luminousworld:sunset_petunias":2,"botania:purple_mystical_flower":3,"minecraft:furnace":4,"luminousworld:yellow_grassflowers":1,"minecraft:iron_ore":7,"mna:aum":2,"minecraft:pumpkin":2,"orcz:orcshroom":1,"destroy:nickel_ore":6,"minecraft:vine":1,"minecraft:iron_bars":1,"minecraft:stone":19,"minecraft:bone_block":1,"orcz:scrapblock":3,"untamedwilds:flora_water_hyacinth":2,"botania:orange_mystical_flower":3,"minecraft:red_bed":2,"luminousworld:tall_deadbush":2,"minecraft:crafting_table":1,"untamedwilds:flora_common_reed":8,"luminousworld:savannah_grass_1":2,"untamedwilds:flora_bush_temperate":4,"mna:cerublossom":1,"botania:purple_double_flower":1,"minecraft:chest":2,"create:scoria":1,"mekanism:tin_ore":1,"minecraft:copper_ore":9,"minecraft:tall_grass":5,"minecraft:cobblestone":7,"minecraft:wall_torch":1,"minecraft:spruce_stairs":1,"untamedwilds:block_burrow":1,"minecraft:birch_log":1,"minecraft:grass":15,"mna:filler_block":1,"minecraft:oak_log":11,"minecraft:coal_ore":27,"untamedwilds:flora_titan_arum":1,"minecraft:dirt":9,"minecraft:sand":3,"luminousworld:grassvariant_3":1,"minecraft:cracked_stone_bricks":1,"minecraft:stone_bricks":2,"luminousworld:savannah_grass_4":7,"luminousworld:elephant_grass":2,"minecraft:mossy_stone_bricks":1,"minecraft:oak_leaves":2}},"DataVersion":3465}