{"stats":{"minecraft:killed":{"minecraft:spider":2,"luminousworld:ringlet":1,"minecraft:chicken":4,"orcz:orcsavagemace":1,"luminousworld:savannah_zombie":1,"minecraft:pig":2,"mna:witch_hunter":1,"untamedwilds:boar":1,"minecraft:sheep":3,"minecraft:zombie":1,"orcz:bigorcboss":1,"untamedwilds:snake":1,"orcz:orcsavage_2sword":1,"orcz:snot":4,"orcz:orcshield":1,"minecraft:cow":3},"minecraft:killed_by":{"untamedwilds:boar":1},"minecraft:picked_up":{"luminousworld:groundpebbles_1":2,"minecraft:chicken":4,"minecraft:wooden_pickaxe":2,"minecraft:raw_copper":30,"minecraft:string":4,"minecraft:red_bed":2,"minecraft:iron_leggings":1,"minecraft:beef":6,"minecraft:chest":2,"minecraft:iron_boots":1,"minecraft:furnace":5,"minecraft:stick":6,"minecraft:raw_iron":9,"orcz:orcskull":1,"untamedwilds:flora_common_reed":24,"untamedwilds:flora_bush_temperate":3,"minecraft:spruce_stairs":1,"minecraft:porkchop":3,"orcz:orchorn":2,"destroy:raw_nickel":6,"mekanism:raw_tin":1,"minecraft:arrow":4,"minecraft:rotten_flesh":5,"luminousworld:yellow_grassflowers":1,"create:scoria":1,"destroy:fluorite":5,"orcz:orcshroom":3,"luminousworld:tall_deadbush":1,"mna:vinteum_dust":12,"minecraft:mutton":4,"minecraft:iron_bars":1,"minecraft:white_wool":1,"minecraft:bone_block":1,"minecraft:cobblestone":22,"minecraft:birch_log":1,"minecraft:feather":5,"orcz:orcteeth":25,"mna:sachet_water":3,"minecraft:leather":2,"minecraft:tuff":2,"minecraft:oak_log":11,"minecraft:cobbled_deepslate_stairs":1,"minecraft:dirt":3,"botania:light_blue_mystical_flower":8,"untamedwilds:spawn_tortoise":2,"minecraft:bone":2,"minecraft:apple":1,"minecraft:stone_bricks":1,"untamedwilds:material_fat":1,"minecraft:wheat_seeds":2,"botania:purple_mystical_flower":3,"minecraft:iron_ingot":1,"luminousworld:elephant_grass":1,"mna:cerublossom":1,"minecraft:book":5,"botania:purple_double_flower":2,"minecraft:pumpkin":2,"orcz:bone_1":2,"mna:raw_vinteum":2,"patchouli:guide_book":1,"luminousworld:sunset_petunias":2,"orcz:blue_orcshroom":1,"mna:aum":2,"alexsmobs:animal_dictionary":1,"minecraft:leather_helmet":1,"minecraft:diamond":5,"minecraft:granite":2,"orcz:ironscrap":13,"minecraft:black_wool":1,"minecraft:coal":32},"minecraft:custom":{"minecraft:mob_kills":29,"minecraft:interact_with_crafting_table":11,"minecraft:open_barrel":2,"minecraft:damage_dealt_resisted":85,"minecraft:time_since_death":34255,"minecraft:climb_one_cm":702,"minecraft:sprint_one_cm":153161,"minecraft:walk_one_cm":142235,"minecraft:drop":28,"minecraft:play_time":51315,"minecraft:deaths":1,"minecraft:sneak_time":1624,"minecraft:walk_under_water_one_cm":3344,"minecraft:jump":787,"minecraft:walk_on_water_one_cm":6316,"minecraft:total_world_time":51315,"minecraft:interact_with_furnace":18,"minecraft:sleep_in_bed":3,"minecraft:time_since_rest":13927,"minecraft:damage_taken":734,"minecraft:damage_dealt":3188,"minecraft:fly_one_cm":146153,"minecraft:swim_one_cm":8051,"minecraft:open_chest":37,"minecraft:crouch_one_cm":2615,"minecraft:fall_one_cm":22565},"minecraft:crafted":{"minecraft:oak_planks":16,"sophisticatedbackpacks:copper_backpack":1,"minecraft:stone_pickaxe":1,"orcz:orcteeth_tool_pickaxe":1,"minecraft:chest":2,"minecraft:cooked_beef":13,"sophisticatedbackpacks:backpack":1,"minecraft:baked_potato":7,"minecraft:copper_ingot":8,"minecraft:stone_axe":1,"minecraft:air":0,"minecraft:iron_chestplate":1,"minecraft:stick":12,"minecraft:iron_ingot":6,"mna:vinteum_dust":4},"minecraft:mined":{"minecraft:tuff":2,"orcz:orcamanita":1,"minecraft:cobbled_deepslate_stairs":1,"destroy:fluorite_ore":5,"gravestone:gravestone":1,"minecraft:granite":2,"minecraft:grass_block":3,"mna:vinteum_ore":3,"mna:wakebloom":1,"luminousworld:groundpebbles_3":2,"luminousworld:savanna_grass_2":1,"minecraft:spawner":2,"luminousworld:sunset_petunias":2,"botania:purple_mystical_flower":3,"minecraft:furnace":3,"luminousworld:yellow_grassflowers":1,"minecraft:iron_ore":7,"mna:aum":2,"minecraft:pumpkin":2,"orcz:orcshroom":1,"destroy:nickel_ore":6,"minecraft:iron_bars":1,"minecraft:stone":18,"minecraft:bone_block":1,"orcz:scrapblock":3,"minecraft:red_bed":1,"luminousworld:tall_deadbush":1,"minecraft:crafting_table":1,"untamedwilds:flora_bush_temperate":3,"luminousworld:savannah_grass_1":1,"untamedwilds:flora_common_reed":8,"mna:cerublossom":1,"botania:purple_double_flower":1,"minecraft:chest":2,"create:scoria":1,"mekanism:tin_ore":1,"minecraft:cobblestone":4,"minecraft:tall_grass":1,"minecraft:copper_ore":9,"minecraft:spruce_stairs":1,"untamedwilds:block_burrow":1,"minecraft:birch_log":1,"minecraft:grass":6,"minecraft:oak_log":11,"minecraft:coal_ore":27,"luminousworld:grassvariant_3":1,"minecraft:stone_bricks":1,"luminousworld:elephant_grass":2,"luminousworld:savannah_grass_4":1,"minecraft:oak_leaves":2},"minecraft:dropped":{"minecraft:wheat_seeds":1,"minecraft:cobbled_deepslate_stairs":1,"minecraft:baked_potato":5,"mna:vinteum_dust":5,"minecraft:cobblestone":2,"minecraft:book":5,"orcz:blue_orcshroom":1,"minecraft:apple":1,"minecraft:granite":2,"minecraft:spruce_stairs":1,"botania:purple_double_flower":1,"minecraft:tuff":2,"minecraft:rotten_flesh":5,"luminousworld:tall_deadbush":1,"orcz:orcshroom":2,"orcz:ironscrap":1,"create:scoria":1,"minecraft:iron_chestplate":1,"minecraft:stone_bricks":1,"minecraft:wooden_pickaxe":1,"orcz:orchorn":1},"minecraft:used":{"minecraft:iron_bars":1,"minecraft:bone_block":1,"minecraft:chest":1,"untamedwilds:spawn_tortoise":2,"minecraft:dirt":3,"orcz:orcshroom":1,"minecraft:furnace":3,"untamedwilds:material_fat":1,"minecraft:cooked_beef":2,"minecraft:stone_pickaxe":58,"minecraft:baked_potato":2,"orcz:orcteeth_tool_pickaxe":49,"minecraft:wooden_pickaxe":4,"luminousworld:groundpebbles_1":2,"luminousworld:yellow_grassflowers":1,"anthropology_items__structures:hunters_machete":55,"minecraft:red_bed":1,"mna:aum":2,"mna:cerublossom":1,"minecraft:apple":4,"minecraft:bread":5,"minecraft:stone_axe":43,"luminousworld:sunset_petunias":2,"minecraft:cobblestone":14,"untamedwilds:flora_bush_temperate":3}},"DataVersion":3465}