{"stats":{"minecraft:killed":{"minecraft:pig":2,"minecraft:spider":1,"untamedwilds:boar":1,"minecraft:sheep":3,"luminousworld:ringlet":1,"minecraft:zombie":1,"minecraft:chicken":3,"luminousworld:savannah_zombie":1,"minecraft:cow":3},"minecraft:killed_by":{"untamedwilds:boar":1},"minecraft:picked_up":{"luminousworld:groundpebbles_1":2,"minecraft:feather":3,"minecraft:chicken":3,"minecraft:leather":2,"mna:sachet_water":3,"minecraft:wooden_pickaxe":1,"minecraft:tuff":1,"minecraft:oak_log":11,"minecraft:cobbled_deepslate_stairs":1,"minecraft:string":1,"minecraft:red_bed":1,"minecraft:dirt":3,"minecraft:raw_copper":30,"untamedwilds:spawn_tortoise":2,"minecraft:bone":2,"minecraft:stone_bricks":1,"untamedwilds:material_fat":1,"botania:purple_mystical_flower":3,"luminousworld:elephant_grass":1,"minecraft:beef":6,"mna:cerublossom":1,"minecraft:furnace":2,"minecraft:raw_iron":8,"minecraft:stick":4,"botania:purple_double_flower":1,"minecraft:pumpkin":2,"untamedwilds:flora_common_reed":24,"untamedwilds:flora_bush_temperate":3,"luminousworld:sunset_petunias":2,"minecraft:porkchop":3,"mna:aum":2,"minecraft:rotten_flesh":3,"luminousworld:yellow_grassflowers":1,"luminousworld:tall_deadbush":1,"minecraft:black_wool":1,"minecraft:mutton":4,"minecraft:coal":5,"minecraft:iron_bars":1,"minecraft:white_wool":1,"minecraft:cobblestone":17},"minecraft:mined":{"minecraft:tuff":1,"luminousworld:tall_deadbush":1,"minecraft:cobbled_deepslate_stairs":1,"untamedwilds:flora_common_reed":8,"gravestone:gravestone":1,"minecraft:crafting_table":1,"luminousworld:savannah_grass_1":1,"untamedwilds:flora_bush_temperate":3,"minecraft:grass_block":3,"botania:purple_double_flower":1,"mna:cerublossom":1,"minecraft:copper_ore":9,"minecraft:tall_grass":1,"minecraft:cobblestone":1,"mna:wakebloom":1,"luminousworld:groundpebbles_3":2,"luminousworld:savanna_grass_2":1,"minecraft:spawner":2,"untamedwilds:block_burrow":1,"luminousworld:sunset_petunias":2,"botania:purple_mystical_flower":3,"minecraft:furnace":2,"luminousworld:yellow_grassflowers":1,"minecraft:iron_ore":6,"mna:aum":2,"minecraft:pumpkin":2,"minecraft:grass":4,"minecraft:coal_ore":6,"minecraft:oak_log":11,"minecraft:iron_bars":1,"minecraft:stone":14,"minecraft:stone_bricks":1,"luminousworld:savannah_grass_4":1,"luminousworld:elephant_grass":2,"minecraft:oak_leaves":1},"minecraft:custom":{"minecraft:interact_with_furnace":10,"minecraft:mob_kills":17,"minecraft:interact_with_crafting_table":4,"minecraft:open_barrel":1,"minecraft:time_since_death":10255,"minecraft:sleep_in_bed":2,"minecraft:climb_one_cm":702,"minecraft:time_since_rest":3159,"minecraft:sprint_one_cm":70674,"minecraft:damage_taken":628,"minecraft:walk_one_cm":81439,"minecraft:drop":10,"minecraft:damage_dealt":1614,"minecraft:swim_one_cm":8051,"minecraft:fly_one_cm":100008,"minecraft:open_chest":9,"minecraft:crouch_one_cm":840,"minecraft:play_time":27315,"minecraft:deaths":1,"minecraft:sneak_time":604,"minecraft:walk_under_water_one_cm":3344,"minecraft:jump":541,"minecraft:walk_on_water_one_cm":6316,"minecraft:total_world_time":27315,"minecraft:fall_one_cm":17572},"minecraft:crafted":{"minecraft:cooked_beef":13,"minecraft:baked_potato":7,"minecraft:stone_axe":1,"minecraft:air":0,"minecraft:stick":12,"minecraft:stone_pickaxe":1},"minecraft:dropped":{"minecraft:cobbled_deepslate_stairs":1,"minecraft:baked_potato":5,"minecraft:tuff":1,"minecraft:rotten_flesh":3,"luminousworld:tall_deadbush":1,"minecraft:stone_bricks":1},"minecraft:used":{"minecraft:iron_bars":1,"minecraft:stone_pickaxe":53,"minecraft:baked_potato":2,"minecraft:wooden_pickaxe":4,"untamedwilds:spawn_tortoise":2,"luminousworld:groundpebbles_1":2,"luminousworld:yellow_grassflowers":1,"anthropology_items__structures:hunters_machete":13,"minecraft:dirt":3,"mna:aum":2,"mna:cerublossom":1,"minecraft:apple":4,"minecraft:bread":2,"minecraft:stone_axe":38,"luminousworld:sunset_petunias":2,"minecraft:furnace":1,"untamedwilds:flora_bush_temperate":3,"untamedwilds:material_fat":1,"minecraft:cooked_beef":1}},"DataVersion":3465}