{"stats":{"minecraft:mined":{"minecraft:blue_carpet":2,"mna:brazier":2,"iceandfire:copper_pile":41,"destroy:fluorite_ore":8,"minecraft:jungle_leaves":1,"minecraft:potted_dead_bush":1,"minecraft:granite":4,"botania:light_blue_mushroom":1,"minecraft:chiseled_polished_blackstone":26,"minecraft:coal_block":8,"luminousworld:savanna_grass_2":4,"minecraft:spawner":7,"minecraft:polished_blackstone_bricks":6,"minecraft:magma_block":1,"botania:purple_mystical_flower":8,"minecraft:mossy_cobblestone_stairs":1,"minecraft:fire":19,"minecraft:pumpkin":2,"mna:mage_light":1,"iceandfire:gold_pile":38,"minecraft:water_cauldron":1,"minecraft:iron_block":6,"botania:light_blue_mystical_flower":4,"minecraft:tripwire":5,"mna:magicians_workbench":1,"mekanism:osmium_ore":5,"minecraft:brown_mushroom":1,"minecraft:red_bed":2,"minecraft:smoker":6,"minecraft:torch":1,"minecraft:blast_furnace":1,"botania:purple_double_flower":1,"create:scoria":1,"mekanism:tin_ore":5,"mna:delegation_station":1,"minecraft:glass":2,"minecraft:sugar_cane":31,"minecraft:repeater":1,"minecraft:lilac":11,"minecraft:stone_brick_stairs":1,"minecraft:copper_block":1,"minecraft:grass":67,"luminousworld:grassvariant_3":8,"untamedwilds:flora_canola":1,"minecraft:red_mushroom_block":14,"minecraft:deepslate":5,"luminousworld:savannah_ground":3,"create:zinc_ore":2,"iceandfire:silver_ore":4,"minecraft:mossy_cobblestone":9,"botania:orange_double_flower":1,"iceandfire:pixie_house_birch":1,"minecraft:dark_oak_log":2,"minecraft:spruce_fence":2,"minecraft:redstone_wire":15,"luminousworld:grassvariant_2":8,"orcz:orcshroom":1,"minecraft:vine":4,"luminousworld:clovers_3":1,"minecraft:bone_block":1,"orcz:scrapblock":6,"luminousworld:savannah_soil":6,"minecraft:birch_stairs":5,"mna:tarma_root":1,"botania:lime_mystical_flower":2,"botania:lime_mushroom":1,"minecraft:dandelion":2,"untamedwilds:flora_bush_temperate":4,"iceandfire:pixie_house_mushroom_brown":2,"luminousworld:grassflowers":1,"minecraft:tall_grass":11,"minecraft:copper_ore":11,"destroy:aging_barrel":2,"minecraft:coarse_dirt":7,"mna:runeforge":3,"minecraft:spruce_log":20,"minecraft:birch_leaves":2,"minecraft:mangrove_leaves":2,"botania:white_mystical_flower":5,"mna:filler_block":1,"minecraft:cobweb":26,"minecraft:polished_blackstone":1,"minecraft:stone_bricks":7,"luminousworld:elephant_grass":3,"minecraft:fern":2,"create:deepslate_zinc_ore":2,"minecraft:stone_pressure_plate":1,"minecraft:spruce_planks":1,"orcz:orcamanita":2,"luminousworld:yellowpetunias":1,"minecraft:cobbled_deepslate_stairs":5,"minecraft:brewing_stand":2,"minecraft:grass_block":23,"iceandfire:lectern":3,"minecraft:mud_bricks":2,"minecraft:raw_iron_block":19,"minecraft:mossy_cobblestone_slab":1,"minecraft:iron_ore":23,"minecraft:azure_bluet":1,"minecraft:dark_oak_stairs":4,"create:asurine":1,"mna:runescribing_table":2,"minecraft:pointed_dripstone":2,"minecraft:iron_bars":1,"iceandfire:pixie_house_spruce":1,"luminousworld:creepbush":1,"untamedwilds:flora_water_hyacinth":6,"botania:orange_mystical_flower":5,"luminousworld:birchtreemushrooms":1,"luminousworld:tall_deadbush":2,"irons_spellbooks:alchemist_cauldron":1,"untamedwilds:flora_common_reed":8,"minecraft:poppy":11,"destroy:deepslate_nickel_ore":2,"iceandfire:ghost_chest":2,"mna:cerublossom":11,"minecraft:chest":2,"untamedwilds:flora_elephant_ear":1,"iceandfire:fire_lily":3,"minecraft:cobblestone":24,"botania:blue_mystical_flower":1,"minecraft:oak_planks":5,"minecraft:wall_torch":2,"minecraft:pink_petals":3,"luminousworld:clovers_1":1,"minecraft:birch_log":1,"minecraft:tnt":351,"mekanism:deepslate_tin_ore":2,"minecraft:oak_log":12,"mna:ornate_table":1,"minecraft:sand":47,"minecraft:dirt":19,"luminousworld:savannah_grass_4":16,"minecraft:netherrack":4,"minecraft:oak_leaves":23,"iceandfire:lightning_lily":1,"luminousworld:groundpebbles_1":1,"minecraft:tuff":17,"luminousworld:grassvariant_4":10,"mekanism:deepslate_osmium_ore":2,"gravestone:gravestone":19,"luminousworld:clovers_4":1,"botania:orange_mushroom":1,"mna:vinteum_ore":5,"mna:wakebloom":6,"orcz:bone_1deco":2,"luminousworld:groundpebbles_3":2,"minecraft:hay_block":60,"luminousworld:sunset_petunias":2,"minecraft:furnace":20,"luminousworld:yellow_grassflowers":1,"mna:aum":10,"mna:manaweaving_altar":4,"minecraft:gold_block":33,"destroy:nickel_ore":17,"minecraft:stone":70,"luminousworld:soft_birch_log":1,"minecraft:oak_fence":4,"minecraft:crafting_table":11,"luminousworld:savannah_grass_1":2,"mna:occulus":1,"minecraft:spruce_stairs":1,"botania:pink_mystical_flower":4,"untamedwilds:block_burrow":4,"iceandfire:myrmex_jungle_biolight":1,"minecraft:coal_ore":113,"botania:yellow_mystical_flower":7,"untamedwilds:flora_titan_arum":1,"minecraft:gray_carpet":2,"minecraft:cracked_stone_bricks":2,"minecraft:mossy_stone_bricks":1,"minecraft:birch_fence":8,"mna:inscription_table":1},"minecraft:crafted":{"mna:vinteum_coated_iron":4,"mna:purified_vinteum_dust":18,"minecraft:cooked_mutton":8,"minecraft:glass":3,"sophisticatedbackpacks:copper_backpack":4,"minecraft:copper_ingot":60,"minecraft:iron_pickaxe":1,"minecraft:gold_ingot":81,"mna:ritual_focus_minor":2,"mna:vinteum_dust":25,"mna:bell_of_bidding":1,"minecraft:iron_nugget":9,"minecraft:spruce_fence":6,"minecraft:white_carpet":3,"mna:arcane_compound":12,"minecraft:stone_pickaxe":1,"orcz:orcteeth_tool_pickaxe":1,"sophisticatedbackpacks:gold_backpack":5,"simplyswords:iron_greathammer":1,"minecraft:iron_leggings":1,"mna:wizard_chalk":1,"minecraft:golden_hoe":1,"minecraft:oak_planks":60,"iceandfire:lectern":1,"mna:basic_table":3,"minecraft:chest":3,"minecraft:copper_block":3,"mna:occulus":1,"minecraft:oak_fence":6,"sophisticatedbackpacks:backpack":3,"minecraft:cauldron":1,"minecraft:crafting_table":3,"minecraft:spruce_planks":80,"minecraft:baked_potato":7,"minecraft:iron_chestplate":1,"orcz:bone_1deco":2,"sophisticatedbackpacks:diamond_backpack":1,"minecraft:stick":20,"minecraft:iron_ingot":7,"mna:vinteum_ingot":6,"minecraft:raw_iron":36,"simplyswords:diamond_greathammer":1,"mna:inscription_table":1,"mna:manaweaver_wand":3,"mna:animated_quill":1,"mna:magicians_workbench":1,"mna:practitioners_pouch":1,"mna:delegation_station":1,"mna:ornate_table":1,"minecraft:iron_axe":1,"sophisticatedbackpacks:iron_backpack":5,"minecraft:cooked_beef":54,"minecraft:stone_axe":2,"ribbits:maraca":1,"minecraft:air":0,"iceandfire:bestiary":1,"minecraft:diamond_chestplate":1},"minecraft:killed_by":{"minecraft:vindicator":3,"minecraft:zombie":2,"irons_spellbooks:summoned_skeleton":1,"alexsmobs:tiger":2,"irons_spellbooks:apothecarist":1,"untamedwilds:big_cat":2,"minecraft:creeper":1,"untamedwilds:terror_bird":1,"untamedwilds:boar":1,"minecraft:skeleton":1,"iceandfire:myrmex_sentinel":1},"minecraft:broken":{"orcz:orcteeth_tool_pickaxe":1,"mna:manaweaver_wand":1,"simplyswords:iron_greathammer":1,"minecraft:stone_axe":1,"minecraft:golden_hoe":1},"minecraft:killed":{"untamedwilds:large_snake":1,"untamedwilds:wildebeest":1,"minecraft:skeleton":12,"luminousworld:ringlet":1,"luminousworld:dark_oak_skeleton":4,"minecraft:chicken":4,"iceandfire:myrmex_worker":6,"luminousworld:crab":1,"mna:mushroom_soldier":2,"minecraft:zombie":21,"orcz:bigorcboss":1,"untamedwilds:snake":2,"orcz:orcsavage_2sword":1,"minecraft:cow":5,"minecraft:vindicator":2,"alexsmobs:seagull":1,"luminousworld:yellow_swallowtail":2,"luminousworld:treant":1,"orcz:orcsavagemace":2,"mna:witch_hunter":1,"iceandfire:ghost":4,"minecraft:enderman":1,"untamedwilds:hyena":1,"minecraft:spider":8,"irons_spellbooks:summoned_skeleton":1,"minecraft:pig":2,"untamedwilds:boar":2,"irons_spellbooks:necromancer":1,"minecraft:creeper":3,"minecraft:sheep":6,"alexsmobs:fly":1,"iceandfire:pixie":1,"luminousworld:dark_oak_zombie":4,"orcz:snot":8,"orcz:orcshield":2,"irons_spellbooks:summoned_zombie":2,"alexsmobs:tiger":1,"mna:skeleton_assassin":1,"mna:animus_block":1,"luminousworld:monarch":1,"alexsmobs:bison":1,"mna:barkling":1,"luminousworld:savannah_zombie":1,"iceandfire:myrmex_sentinel":1,"mna:living_ward":1,"minecraft:squid":1},"minecraft:picked_up":{"minecraft:iron_chestplate":5,"minecraft:flower_pot":1,"minecraft:smithing_table":1,"minecraft:enchanted_book":2,"minecraft:wither_rose":1,"minecraft:brewing_stand":3,"botania:light_blue_mushroom":1,"botania:light_blue_double_flower":1,"iceandfire:manuscript":50,"minecraft:string":47,"mna:mark_of_the_fey":1,"minecraft:gold_nugget":703,"minecraft:cobbled_deepslate":4,"minecraft:spruce_planks":1,"minecraft:melon_slice":31,"minecraft:coal_block":8,"orcz:orcskull":1,"untamedwilds:flora_common_reed":24,"mna:hat_large_witch":1,"orcz:palisadedarkoak":3,"mekanism:raw_tin":7,"minecraft:cauldron":2,"botania:white_mystical_flower":14,"iceandfire:lightning_lily":1,"luminousworld:grassflowers":1,"botania:orange_double_flower":1,"mna:pedestal":2,"luminousworld:yellow_grassflowers":2,"create:scoria":1,"minecraft:iron_block":6,"luminousworld:far_lands":1,"botania:blue_double_flower":2,"minecraft:iron_bars":1,"mna:wand_amethyst":1,"minecraft:birch_log":1,"orcz:orcteeth":44,"minecraft:magma_block":1,"minecraft:mossy_cobblestone_slab":2,"minecraft:feather":8,"mna:manaweaver_wand":5,"mna:sachet_water":9,"minecraft:copper_block":2,"minecraft:smoker":6,"alexsmobs:bison_fur":2,"minecraft:lantern":3,"ribbits:maraca":1,"untamedwilds:material_shark_tooth":4,"luminousworld:elephant_grass":3,"mna:cerublossom":11,"luminousworld:bass_item":1,"botania:red_mystical_flower":1,"minecraft:chiseled_polished_blackstone":25,"luminousworld:creepberries":1,"patchouli:guide_book":1,"botania:pink_double_flower":1,"orcz:blue_orcshroom":2,"minecraft:ink_sac":2,"iceandfire:myrmex_stinger":4,"minecraft:dark_oak_log":2,"alexsmobs:animal_dictionary":1,"mna:manaweaving_altar":5,"minecraft:bundle":1,"mna:transmuted_silver":27,"iceandfire:lectern":3,"luminousworld:yellowpetunias":2,"botania:orange_mushroom":1,"minecraft:granite":4,"minecraft:bread":38,"alexsmobs:maggot":2,"iceandfire:raw_silver":7,"mna:ornate_table":1,"sophisticatedbackpacks:gold_backpack":2,"luminousworld:groundpebbles_1":5,"minecraft:coarse_dirt":7,"minecraft:crafting_table":14,"mna:tarma_root":1,"untamedwilds:flora_canola":1,"gravestone:obituary":6,"mna:rune_pattern":2,"minecraft:red_bed":6,"minecraft:iron_shovel":2,"minecraft:cracked_stone_bricks":3,"untamedwilds:flora_water_hyacinth_item":4,"minecraft:beef":46,"minecraft:poppy":11,"minecraft:chest":2,"untamedwilds:flora_bush_temperate":4,"sophisticatedbackpacks:backpack":2,"minecraft:spruce_fence":2,"orcz:orchorn":3,"minecraft:redstone":23,"minecraft:blue_carpet":2,"irons_spellbooks:alchemist_cauldron":1,"minecraft:tnt":645,"mna:delegation_station":1,"minecraft:hay_block":60,"botania:blue_mystical_flower":19,"minecraft:gold_ingot":4,"sophisticatedbackpacks:copper_backpack":1,"minecraft:polished_blackstone":1,"mna:vinteum_dust":36,"botania:green_mystical_flower":6,"minecraft:mutton":63,"minecraft:bone_block":1,"minecraft:white_wool":29,"minecraft:mud_bricks":1,"mna:runeforge":4,"minecraft:red_mushroom":6,"botania:green_double_flower":1,"minecraft:oak_log":40,"destroy:aging_barrel":2,"untamedwilds:spawn_tortoise":6,"minecraft:apple":1,"minecraft:stone_bricks":9,"farmersdelight:cooking_pot":1,"mna:desert_nova":1,"minecraft:stone_pickaxe":1,"minecraft:cobweb":13,"minecraft:glass_bottle":2,"mna:occulus":1,"minecraft:dark_oak_stairs":4,"botania:purple_double_flower":2,"iceandfire:copper_nugget":350,"orcz:bone_1deco":2,"minecraft:birch_stairs":5,"orcz:orcamanita":1,"botania:lime_mushroom":1,"minecraft:spruce_log":20,"minecraft:leather_helmet":1,"iceandfire:pixie_house_spruce":3,"botania:orange_mystical_flower":12,"minecraft:melon_seeds":3,"botania:brown_mystical_flower":6,"minecraft:mangrove_propagule":1,"minecraft:ender_pearl":1,"irons_spellbooks:scroll":1,"minecraft:wheat":54,"minecraft:redstone_block":2,"iceandfire:myrmex_jungle_chitin":13,"minecraft:stone_brick_stairs":1,"minecraft:raw_copper":37,"irons_spellbooks:nature_rune":1,"alexsmobs:ancient_dart":2,"minecraft:iron_leggings":6,"minecraft:armor_stand":5,"irons_spellbooks:arcane_essence":9,"minecraft:bucket":21,"minecraft:iron_pickaxe":1,"mna:guide_book":2,"minecraft:iron_boots":4,"minecraft:furnace":25,"botania:lexicon":1,"minecraft:stick":15,"iceandfire:ghost_chest":2,"mna:staff_gold":1,"botania:cyan_double_flower":7,"mna:brazier":12,"minecraft:oak_fence":2,"botania:yellow_mystical_flower":16,"minecraft:torch":5,"iceandfire:pixie_house_mushroom_brown":2,"minecraft:spruce_stairs":1,"luminousworld:savannah_soil":6,"minecraft:porkchop":5,"minecraft:pointed_dripstone":2,"destroy:raw_nickel":19,"minecraft:rotten_flesh":44,"botania:light_gray_mystical_flower":9,"luminousworld:soft_birch_log":1,"orcz:orcshroom":4,"create:asurine":1,"mna:constructs/construct_hammer_arm_right_iron":1,"luminousworld:tall_deadbush":1,"minecraft:cobblestone":118,"minecraft:pink_petals":8,"luminousworld:savannah_ground":3,"minecraft:leather_chestplate":1,"minecraft:lilac":11,"minecraft:repeater":1,"mna:rune_marking":1,"minecraft:potato":4,"minecraft:tuff":15,"create:raw_zinc":4,"minecraft:lapis_lazuli":39,"minecraft:dirt":44,"minecraft:name_tag":2,"minecraft:glass":19,"botania:cyan_mystical_flower":24,"minecraft:bone":48,"iceandfire:myrmex_jungle_resin":6,"minecraft:bow":1,"botania:pink_mystical_flower":8,"minecraft:wheat_seeds":12,"botania:purple_mystical_flower":23,"minecraft:mossy_stone_bricks":1,"botania:gray_mystical_flower":2,"minecraft:oak_planks":6,"mna:staff_prismarinecrystal":1,"minecraft:cooked_porkchop":2,"orcz:orcagaric":1,"mna:runescribing_table":3,"iceandfire:pixie_house_birch":3,"minecraft:sand":47,"minecraft:dead_bush":1,"simplyswords:iron_greathammer":1,"minecraft:mossy_cobblestone":8,"minecraft:diamond":18,"untamedwilds:hide_golden":2,"mna:wakebloom":5,"iceandfire:myrmex_jungle_biolight":1,"minecraft:spruce_sign":7,"minecraft:emerald":14,"orcz:ironscrap":24,"minecraft:oak_sapling":1,"minecraft:netherrack":3,"untamedwilds:flora_titan_arum_corm":1,"minecraft:charcoal":24,"minecraft:azure_bluet":1,"minecraft:chicken":7,"minecraft:brown_mushroom":3,"iceandfire:fire_lily":3,"minecraft:wooden_pickaxe":2,"minecraft:gold_block":83,"minecraft:chain":1,"minecraft:shield":1,"untamedwilds:food_bear_raw":5,"minecraft:item_frame":6,"botania:magenta_mystical_flower":9,"minecraft:birch_fence":7,"irons_spellbooks:conjurers_talisman":1,"mna:inscription_table":1,"mna:bone_ash":1,"minecraft:lectern":1,"minecraft:sugar_cane":82,"minecraft:raw_iron":109,"minecraft:copper_ingot":14,"minecraft:polished_blackstone_bricks":10,"luminousworld:beastiary":1,"untamedwilds:hide_black":5,"minecraft:stone_pressure_plate":1,"iceandfire:silver_ingot":6,"minecraft:arrow":48,"botania:lime_mystical_flower":6,"destroy:fluorite":8,"minecraft:saddle":1,"botania:magenta_double_flower":1,"mna:torn_journal_page":15,"minecraft:leather":36,"mna:magicians_workbench":1,"iceandfire:ectoplasm":6,"minecraft:cobbled_deepslate_stairs":5,"minecraft:gunpowder":12,"botania:light_blue_mystical_flower":25,"botania:black_mystical_flower":9,"minecraft:cooked_mutton":1,"minecraft:gray_carpet":2,"untamedwilds:material_fat":4,"minecraft:iron_ingot":36,"minecraft:book":77,"luminousworld:clovers_1":2,"minecraft:pumpkin":5,"orcz:bone_1":2,"mna:raw_vinteum":23,"minecraft:dandelion":2,"minecraft:raw_iron_block":20,"luminousworld:sunset_petunias":2,"minecraft:blast_furnace":1,"minecraft:spider_eye":1,"mekanism:raw_osmium":29,"mna:aum":10,"minecraft:iron_helmet":5,"minecraft:cherry_sapling":1,"minecraft:mossy_cobblestone_stairs":1,"minecraft:damaged_anvil":1,"minecraft:black_wool":1,"minecraft:coal":344},"minecraft:custom":{"minecraft:interact_with_crafting_table":78,"minecraft:open_barrel":62,"minecraft:bell_ring":2,"minecraft:eat_cake_slice":5,"minecraft:leave_game":6,"minecraft:time_since_death":110875,"minecraft:damage_blocked_by_shield":105,"minecraft:play_time":420314,"minecraft:deaths":18,"minecraft:jump":6298,"minecraft:interact_with_furnace":52,"minecraft:traded_with_villager":1,"minecraft:sleep_in_bed":8,"minecraft:damage_dealt":21832,"minecraft:interact_with_smoker":12,"minecraft:inspect_dispenser":18,"minecraft:sneak_time":13264,"minecraft:interact_with_blast_furnace":2,"minecraft:total_world_time":420314,"minecraft:time_since_rest":3013,"minecraft:swim_one_cm":70539,"minecraft:fly_one_cm":1232733,"minecraft:open_chest":172,"minecraft:fall_one_cm":206146,"minecraft:sprint_one_cm":1082772,"minecraft:drop":164,"minecraft:walk_on_water_one_cm":62371,"minecraft:crouch_one_cm":37999,"minecraft:mob_kills":132,"minecraft:fill_cauldron":1,"minecraft:damage_dealt_resisted":85,"minecraft:climb_one_cm":36473,"minecraft:walk_one_cm":1025896,"minecraft:walk_under_water_one_cm":30227,"minecraft:damage_taken":10192,"minecraft:trigger_trapped_chest":2},"minecraft:used":{"iceandfire:lectern":3,"minecraft:chest":1,"untamedwilds:spawn_tortoise":6,"minecraft:stone":1,"luminousworld:soft_birch_log":1,"mna:inscription_table":2,"mna:ornate_table":1,"mna:animus_dust":1,"minecraft:stone_brick_stairs":1,"minecraft:bow":14,"minecraft:furnace":23,"untamedwilds:material_fat":3,"minecraft:egg":5,"luminousworld:clovers_1":2,"simplyswords:gold_chakram":4,"mna:tarma_root":1,"minecraft:wooden_pickaxe":4,"mna:magicians_workbench":2,"minecraft:blast_furnace":1,"minecraft:birch_fence":4,"mna:cerublossom":2,"mna:runescribing_table":3,"minecraft:iron_bars":1,"minecraft:armor_stand":1,"minecraft:cooked_salmon":14,"minecraft:netherrack":3,"minecraft:torch":54,"orcz:palisadedarkoak":3,"untamedwilds:flora_canola":1,"mna:brazier":1,"minecraft:iron_axe":29,"luminousworld:savannah_soil":6,"mna:manaweaving_altar":5,"minecraft:water_bucket":5,"orcz:orcteeth_tool_pickaxe":258,"minecraft:cauldron":2,"minecraft:cracked_stone_bricks":2,"mna:practitioners_pouch":2,"minecraft:crafting_table":14,"minecraft:red_bed":7,"minecraft:mangrove_propagule":1,"minecraft:iron_pickaxe":368,"destroy:aging_barrel":1,"luminousworld:sunset_petunias":2,"minecraft:cobblestone":104,"minecraft:potion":1,"untamedwilds:flora_bush_temperate":3,"minecraft:dandelion":1,"minecraft:cherry_sapling":1,"minecraft:iron_shovel":45,"minecraft:bone_block":1,"minecraft:shield":3,"luminousworld:savannah_ground":3,"minecraft:mutton":2,"orcz:orcshroom":2,"minecraft:iron_helmet":1,"minecraft:stone_bricks":6,"minecraft:item_frame":6,"minecraft:chiseled_polished_blackstone":25,"minecraft:dark_oak_stairs":4,"minecraft:stone_pickaxe":90,"minecraft:oak_planks":3,"luminousworld:groundpebbles_1":3,"minecraft:golden_hoe":32,"simplyswords:iron_greathammer":300,"mna:runeforge":3,"minecraft:dark_oak_log":1,"minecraft:bread":79,"create:asurine":1,"minecraft:chain":1,"minecraft:coarse_dirt":7,"minecraft:cobweb":25,"minecraft:oak_fence":4,"mna:mithions_magnificent_mbag":1,"minecraft:flint_and_steel":9,"minecraft:spruce_planks":71,"minecraft:dirt":43,"mna:delegation_station":2,"luminousworld:grassflowers":1,"minecraft:granite":2,"minecraft:spruce_fence":7,"mna:occulus":2,"simplyswords:diamond_greathammer":61,"minecraft:cooked_beef":8,"minecraft:cooked_mutton":4,"iceandfire:myrmex_jungle_biolight":1,"minecraft:baked_potato":2,"minecraft:copper_block":3,"luminousworld:yellow_grassflowers":1,"mna:aum":2,"minecraft:smoker":2,"minecraft:apple":6,"minecraft:stone_axe":216,"minecraft:pink_petals":8,"orcz:bone_1deco":2,"minecraft:bucket":5,"minecraft:birch_stairs":2},"minecraft:dropped":{"minecraft:cooked_beef":25,"mna:vinteum_dust":40,"minecraft:crafting_table":2,"minecraft:cooked_porkchop":9,"minecraft:leather_helmet":1,"minecraft:red_mushroom":1,"sophisticatedbackpacks:gold_backpack":2,"minecraft:dirt":1,"minecraft:red_bed":2,"minecraft:gold_nugget":64,"simplyswords:gold_chakram":1,"minecraft:white_wool":22,"mna:torn_journal_page":5,"minecraft:bone":6,"botania:purple_double_flower":1,"minecraft:stone_axe":1,"alexsmobs:animal_dictionary":1,"minecraft:rotten_flesh":20,"minecraft:azure_bluet":1,"iceandfire:ghost_chest":2,"create:scoria":1,"farmersdelight:rope":4,"minecraft:beef":10,"iceandfire:manuscript":18,"luminousworld:beastiary":1,"minecraft:iron_ingot":55,"minecraft:wheat_seeds":4,"minecraft:cobbled_deepslate_stairs":1,"minecraft:copper_block":2,"minecraft:polished_blackstone":1,"minecraft:iron_helmet":1,"minecraft:cobblestone":2,"minecraft:book":10,"minecraft:apple":2,"minecraft:granite":2,"minecraft:cobweb":7,"minecraft:potion":1,"minecraft:pumpkin":3,"minecraft:mossy_cobblestone_stairs":1,"mna:rune_marking":2,"mna:guide_book":1,"mna:wakebloom":1,"orcz:orcamanita":1,"minecraft:shears":1,"minecraft:bundle":2,"minecraft:stone_bricks":3,"luminousworld:elephant_grass":1,"untamedwilds:spawn_tortoise":1,"orcz:orchorn":1,"orcz:orcteeth_tool_pickaxe":1,"luminousworld:yellowpetunias":2,"minecraft:oak_log":11,"minecraft:baked_potato":5,"mna:cerublossom":1,"orcz:blue_orcshroom":1,"minecraft:leather":30,"ribbits:maraca":2,"mna:manaweaver_wand":6,"minecraft:mutton":1,"gravestone:obituary":22,"minecraft:polished_blackstone_bricks":10,"minecraft:birch_log":1,"minecraft:cauldron":1,"minecraft:pointed_dripstone":2,"luminousworld:tall_deadbush":1,"minecraft:cooked_mutton":5,"orcz:orcshroom":2,"patchouli:guide_book":2,"minecraft:leather_chestplate":1,"untamedwilds:flora_water_hyacinth_item":1,"minecraft:bread":1,"minecraft:mossy_cobblestone":4,"luminousworld:creepberries":1,"luminousworld:far_lands":1,"minecraft:spruce_stairs":1,"minecraft:mossy_cobblestone_slab":2,"minecraft:melon_slice":69,"minecraft:iron_leggings":2,"minecraft:redstone":1,"minecraft:tuff":15,"orcz:orcteeth_tool_sword":1,"alexsmobs:ancient_dart":1,"orcz:ironscrap":1,"minecraft:diamond_chestplate":1,"mna:aum":1,"minecraft:iron_chestplate":2,"luminousworld:groundpebbles_1":2,"minecraft:oak_sapling":1,"minecraft:stone_pickaxe":1,"minecraft:wooden_pickaxe":1,"simplyswords:iron_greathammer":1}},"DataVersion":3465}