{"stats":{"minecraft:killed":{"luminousworld:ringlet":1,"minecraft:zombie":1,"minecraft:cow":2},"minecraft:picked_up":{"luminousworld:groundpebbles_1":2,"mna:sachet_water":3,"minecraft:wooden_pickaxe":1,"minecraft:tuff":1,"minecraft:oak_log":11,"minecraft:cobbled_deepslate_stairs":1,"minecraft:dirt":3,"minecraft:raw_copper":30,"minecraft:bone":2,"minecraft:stone_bricks":1,"untamedwilds:material_fat":1,"botania:purple_mystical_flower":3,"minecraft:beef":3,"mna:cerublossom":1,"minecraft:furnace":1,"minecraft:raw_iron":8,"minecraft:stick":4,"botania:purple_double_flower":1,"untamedwilds:flora_bush_temperate":3,"luminousworld:sunset_petunias":2,"mna:aum":2,"minecraft:rotten_flesh":1,"luminousworld:yellow_grassflowers":1,"minecraft:coal":5,"minecraft:iron_bars":1,"minecraft:cobblestone":17},"minecraft:crafted":{"minecraft:baked_potato":7,"minecraft:stone_axe":1,"minecraft:air":0,"minecraft:stone_pickaxe":1},"minecraft:mined":{"minecraft:tuff":1,"minecraft:cobbled_deepslate_stairs":1,"minecraft:crafting_table":1,"untamedwilds:flora_bush_temperate":3,"minecraft:grass_block":3,"botania:purple_double_flower":1,"mna:cerublossom":1,"minecraft:copper_ore":9,"minecraft:tall_grass":1,"minecraft:cobblestone":1,"mna:wakebloom":1,"luminousworld:groundpebbles_3":2,"minecraft:spawner":2,"untamedwilds:block_burrow":1,"luminousworld:sunset_petunias":2,"botania:purple_mystical_flower":3,"minecraft:furnace":1,"luminousworld:yellow_grassflowers":1,"minecraft:iron_ore":6,"mna:aum":2,"minecraft:grass":3,"minecraft:coal_ore":6,"minecraft:oak_log":11,"minecraft:iron_bars":1,"minecraft:stone":14,"minecraft:stone_bricks":1,"luminousworld:elephant_grass":1},"minecraft:custom":{"minecraft:interact_with_furnace":3,"minecraft:mob_kills":4,"minecraft:interact_with_crafting_table":3,"minecraft:open_barrel":1,"minecraft:time_since_death":15315,"minecraft:sleep_in_bed":1,"minecraft:time_since_rest":5011,"minecraft:sprint_one_cm":36750,"minecraft:damage_taken":270,"minecraft:walk_one_cm":52611,"minecraft:drop":5,"minecraft:damage_dealt":395,"minecraft:swim_one_cm":803,"minecraft:fly_one_cm":32487,"minecraft:open_chest":4,"minecraft:crouch_one_cm":838,"minecraft:play_time":15315,"minecraft:sneak_time":527,"minecraft:walk_under_water_one_cm":824,"minecraft:jump":231,"minecraft:walk_on_water_one_cm":2869,"minecraft:total_world_time":15315,"minecraft:fall_one_cm":5936},"minecraft:dropped":{"minecraft:baked_potato":5},"minecraft:used":{"minecraft:stone_pickaxe":52,"minecraft:baked_potato":2,"minecraft:wooden_pickaxe":4,"luminousworld:groundpebbles_1":2,"luminousworld:yellow_grassflowers":1,"minecraft:dirt":3,"mna:aum":2,"mna:cerublossom":1,"minecraft:bread":2,"minecraft:stone_axe":19,"luminousworld:sunset_petunias":2,"untamedwilds:flora_bush_temperate":3,"untamedwilds:material_fat":1}},"DataVersion":3465}