{"stats":{"minecraft:killed":{"minecraft:pig":2,"minecraft:spider":1,"untamedwilds:boar":1,"minecraft:sheep":3,"luminousworld:ringlet":1,"minecraft:zombie":1,"minecraft:chicken":3,"orcz:bigorcboss":1,"orcz:orcsavagemace":1,"orcz:orcsavage_2sword":1,"orcz:snot":4,"orcz:orcshield":1,"luminousworld:savannah_zombie":1,"minecraft:cow":3},"minecraft:killed_by":{"untamedwilds:boar":1},"minecraft:picked_up":{"minecraft:birch_log":1,"luminousworld:groundpebbles_1":2,"minecraft:feather":3,"orcz:orcteeth":25,"minecraft:chicken":3,"minecraft:leather":2,"mna:sachet_water":3,"minecraft:wooden_pickaxe":1,"minecraft:tuff":1,"minecraft:oak_log":11,"minecraft:cobbled_deepslate_stairs":1,"minecraft:string":1,"minecraft:red_bed":1,"minecraft:dirt":3,"minecraft:raw_copper":30,"minecraft:iron_leggings":1,"untamedwilds:spawn_tortoise":2,"minecraft:bone":2,"minecraft:apple":1,"minecraft:stone_bricks":1,"untamedwilds:material_fat":1,"botania:purple_mystical_flower":3,"luminousworld:elephant_grass":1,"minecraft:beef":6,"mna:cerublossom":1,"minecraft:iron_boots":1,"minecraft:furnace":3,"minecraft:book":5,"orcz:bone_1":2,"minecraft:raw_iron":9,"minecraft:stick":4,"botania:purple_double_flower":2,"orcz:orcskull":1,"minecraft:pumpkin":2,"untamedwilds:flora_common_reed":24,"minecraft:spruce_stairs":1,"untamedwilds:flora_bush_temperate":3,"luminousworld:sunset_petunias":2,"minecraft:porkchop":3,"orcz:blue_orcshroom":1,"orcz:orchorn":2,"mna:aum":2,"minecraft:diamond":5,"minecraft:rotten_flesh":3,"luminousworld:yellow_grassflowers":1,"orcz:orcshroom":3,"minecraft:granite":2,"orcz:ironscrap":13,"luminousworld:tall_deadbush":1,"minecraft:bone_block":1,"minecraft:black_wool":1,"minecraft:mutton":4,"minecraft:coal":7,"minecraft:iron_bars":1,"minecraft:white_wool":1,"minecraft:cobblestone":21},"minecraft:mined":{"minecraft:tuff":1,"orcz:orcamanita":1,"luminousworld:tall_deadbush":1,"minecraft:cobbled_deepslate_stairs":1,"minecraft:granite":2,"untamedwilds:flora_common_reed":8,"gravestone:gravestone":1,"minecraft:crafting_table":1,"luminousworld:savannah_grass_1":1,"untamedwilds:flora_bush_temperate":3,"minecraft:grass_block":3,"botania:purple_double_flower":1,"mna:cerublossom":1,"minecraft:copper_ore":9,"minecraft:tall_grass":1,"minecraft:cobblestone":3,"mna:wakebloom":1,"luminousworld:groundpebbles_3":2,"luminousworld:savanna_grass_2":1,"minecraft:spawner":2,"minecraft:spruce_stairs":1,"untamedwilds:block_burrow":1,"luminousworld:sunset_petunias":2,"botania:purple_mystical_flower":3,"minecraft:furnace":3,"luminousworld:yellow_grassflowers":1,"minecraft:birch_log":1,"minecraft:iron_ore":7,"mna:aum":2,"minecraft:pumpkin":2,"orcz:orcshroom":1,"minecraft:grass":4,"minecraft:coal_ore":8,"minecraft:oak_log":11,"minecraft:iron_bars":1,"minecraft:bone_block":1,"minecraft:stone":16,"minecraft:stone_bricks":1,"luminousworld:savannah_grass_4":1,"luminousworld:elephant_grass":2,"orcz:scrapblock":3,"minecraft:oak_leaves":2},"minecraft:custom":{"minecraft:interact_with_furnace":10,"minecraft:mob_kills":25,"minecraft:interact_with_crafting_table":8,"minecraft:open_barrel":1,"minecraft:damage_dealt_resisted":85,"minecraft:time_since_death":22255,"minecraft:sleep_in_bed":3,"minecraft:climb_one_cm":702,"minecraft:time_since_rest":1927,"minecraft:sprint_one_cm":103793,"minecraft:damage_taken":714,"minecraft:walk_one_cm":115326,"minecraft:drop":17,"minecraft:damage_dealt":2631,"minecraft:swim_one_cm":8051,"minecraft:fly_one_cm":123794,"minecraft:open_chest":24,"minecraft:crouch_one_cm":2536,"minecraft:play_time":39315,"minecraft:deaths":1,"minecraft:sneak_time":1516,"minecraft:walk_under_water_one_cm":3344,"minecraft:jump":665,"minecraft:walk_on_water_one_cm":6316,"minecraft:total_world_time":39315,"minecraft:fall_one_cm":20682},"minecraft:crafted":{"minecraft:cooked_beef":13,"minecraft:oak_planks":8,"minecraft:baked_potato":7,"minecraft:stone_axe":1,"minecraft:air":0,"minecraft:iron_chestplate":1,"minecraft:stick":12,"minecraft:iron_ingot":6,"minecraft:stone_pickaxe":1,"orcz:orcteeth_tool_pickaxe":1,"minecraft:chest":1},"minecraft:dropped":{"botania:purple_double_flower":1,"minecraft:cobbled_deepslate_stairs":1,"minecraft:baked_potato":5,"minecraft:tuff":1,"minecraft:rotten_flesh":3,"minecraft:book":5,"luminousworld:tall_deadbush":1,"minecraft:apple":1,"orcz:orcshroom":1,"orcz:ironscrap":1,"minecraft:iron_chestplate":1,"minecraft:stone_bricks":1,"orcz:orchorn":1},"minecraft:used":{"minecraft:iron_bars":1,"minecraft:stone_pickaxe":57,"minecraft:baked_potato":2,"minecraft:bone_block":1,"orcz:orcteeth_tool_pickaxe":11,"minecraft:chest":1,"minecraft:wooden_pickaxe":4,"untamedwilds:spawn_tortoise":2,"luminousworld:groundpebbles_1":2,"luminousworld:yellow_grassflowers":1,"anthropology_items__structures:hunters_machete":39,"minecraft:dirt":3,"orcz:orcshroom":1,"minecraft:red_bed":1,"mna:aum":2,"mna:cerublossom":1,"minecraft:apple":4,"minecraft:bread":2,"minecraft:stone_axe":40,"luminousworld:sunset_petunias":2,"minecraft:cobblestone":13,"minecraft:furnace":3,"untamedwilds:flora_bush_temperate":3,"untamedwilds:material_fat":1,"minecraft:cooked_beef":2}},"DataVersion":3465}