{"stats":{"minecraft:custom":{"minecraft:mob_kills":24,"minecraft:interact_with_crafting_table":14,"minecraft:open_barrel":6,"minecraft:damage_dealt_resisted":304,"minecraft:leave_game":1,"minecraft:time_since_death":76122,"minecraft:climb_one_cm":831,"minecraft:sprint_one_cm":224386,"minecraft:walk_one_cm":240295,"minecraft:drop":47,"minecraft:play_time":76122,"minecraft:sneak_time":1382,"minecraft:walk_under_water_one_cm":6260,"minecraft:jump":1078,"minecraft:walk_on_water_one_cm":5798,"minecraft:total_world_time":76122,"minecraft:interact_with_furnace":25,"minecraft:sleep_in_bed":5,"minecraft:time_since_rest":13064,"minecraft:damage_taken":701,"minecraft:trigger_trapped_chest":1,"minecraft:damage_dealt":4276,"minecraft:swim_one_cm":10682,"minecraft:fly_one_cm":219160,"minecraft:open_chest":45,"minecraft:crouch_one_cm":2948,"minecraft:fall_one_cm":33269},"minecraft:dropped":{"minecraft:iron_ingot":8,"untamedwilds:flora_common_reed":1,"botania:yellow_mystical_flower":3,"minecraft:diamond":3,"anthropology_items__structures:hunters_machete":1,"mna:vinteum_dust":12,"minecraft:feather":2,"minecraft:coal":6,"minecraft:leather_helmet":1,"minecraft:emerald":3,"minecraft:stick":5,"botania:light_blue_mystical_flower":13,"minecraft:dirt":2,"orcz:bone_1":2,"minecraft:iron_leggings":1,"minecraft:string":4,"botania:light_blue_double_flower":1,"mna:sachet_water":3,"create:raw_zinc":1,"minecraft:bone":4,"destroy:raw_nickel":1,"minecraft:sugar_cane":16,"alexsmobs:animal_dictionary":1,"minecraft:chicken":3,"botania:purple_mystical_flower":3,"minecraft:iron_boots":2,"orcz:ironscrap":1,"patchouli:guide_book":1,"mna:decoration/chimerite_arcane_stone_quad":1,"minecraft:potato":4,"orcz:orcteeth":4,"minecraft:beef":2,"minecraft:stone_pickaxe":1,"minecraft:wooden_pickaxe":1,"botania:light_gray_mystical_flower":2,"luminousworld:beastiary":1},"minecraft:used":{"luminousworld:whiteoaklog":1,"minecraft:acacia_log":1,"luminousworld:tall_deadbush":1,"untamedwilds:spawn_tortoise":8,"minecraft:rotten_flesh":2,"minecraft:iron_chestplate":1,"luminousworld:grassflowers":1,"minecraft:wooden_axe":35,"minecraft:iron_boots":1,"untamedwilds:flora_titan_arum_corm":1,"minecraft:furnace":2,"minecraft:oak_sapling":1,"minecraft:cooked_beef":3,"minecraft:cobbled_deepslate":1,"orcz:orcskull":4,"minecraft:wheat_seeds":154,"minecraft:stone_pickaxe":48,"minecraft:baked_potato":5,"orcz:orcteeth_tool_pickaxe":19,"minecraft:wooden_pickaxe":3,"luminousworld:groundpebbles_1":1,"untamedwilds:flora_common_reed":3,"minecraft:glow_berries":19,"anthropology_items__structures:hunters_machete":27,"minecraft:crafting_table":5,"minecraft:red_bed":2,"mna:aum":1,"minecraft:dripstone_block":1,"orcz:orcamanita":1,"orcz:orcteeth_tool_sword":47,"mna:cerublossom":2,"minecraft:bread":8,"minecraft:leather_helmet":1,"minecraft:stone_axe":14,"untamedwilds:flora_bush_temperate":2,"minecraft:birch_log":1,"minecraft:dandelion":1},"minecraft:crafted":{"minecraft:oak_planks":28,"orcz:orcteeth_tool_sword":1,"minecraft:iron_boots":2,"minecraft:stone_pickaxe":1,"orcz:orcteeth_tool_pickaxe":1,"minecraft:cooked_beef":8,"minecraft:cooked_porkchop":9,"minecraft:crafting_table":1,"minecraft:wooden_pickaxe":1,"minecraft:bread":36,"minecraft:air":0,"minecraft:stick":9,"minecraft:iron_ingot":10,"minecraft:wooden_axe":1,"minecraft:iron_leggings":1,"mna:vinteum_dust":1},"minecraft:picked_up":{"luminousworld:groundpebbles_1":1,"minecraft:crafting_table":5,"minecraft:iron_chestplate":1,"minecraft:wheat":110,"minecraft:chicken":4,"minecraft:brewing_stand":1,"botania:light_blue_double_flower":1,"minecraft:string":5,"minecraft:red_bed":5,"minecraft:cobbled_deepslate":1,"untamedwilds:flora_water_hyacinth_item":1,"minecraft:beef":12,"minecraft:melon_slice":56,"minecraft:sugar_cane":16,"minecraft:furnace":2,"minecraft:iron_boots":1,"minecraft:stick":5,"minecraft:raw_iron":1,"botania:cyan_double_flower":1,"orcz:orcskull":3,"untamedwilds:flora_common_reed":6,"botania:yellow_mystical_flower":3,"minecraft:acacia_log":1,"untamedwilds:flora_bush_temperate":2,"minecraft:porkchop":11,"destroy:raw_nickel":1,"luminousworld:grassflowers":1,"minecraft:rotten_flesh":2,"botania:light_gray_mystical_flower":2,"mna:decoration/chimerite_arcane_stone_quad":1,"luminousworld:tall_deadbush":1,"mna:vinteum_dust":11,"botania:green_mystical_flower":5,"minecraft:white_wool":1,"minecraft:cobblestone":3,"minecraft:birch_log":1,"minecraft:feather":4,"orcz:orcteeth":9,"mna:sachet_water":4,"minecraft:leather":5,"minecraft:potato":4,"create:raw_zinc":1,"minecraft:oak_log":25,"minecraft:dirt":2,"botania:light_blue_mystical_flower":13,"untamedwilds:spawn_tortoise":9,"minecraft:bone":6,"botania:cyan_mystical_flower":5,"minecraft:wheat_seeds":301,"botania:purple_mystical_flower":3,"minecraft:iron_ingot":1,"minecraft:stone_pickaxe":1,"mna:cerublossom":2,"minecraft:book":5,"mna:raw_vinteum":9,"minecraft:dandelion":1,"minecraft:dripstone_block":1,"orcz:orcamanita":1,"mna:aum":1,"luminousworld:whiteoaklog":1,"botania:orange_mystical_flower":5,"minecraft:baked_potato":5,"minecraft:oak_sapling":1,"untamedwilds:flora_titan_arum_corm":1,"minecraft:coal":35},"minecraft:killed":{"untamedwilds:wildebeest":1,"minecraft:spider":2,"minecraft:chicken":1,"orcz:orcsavagemace":1,"mna:barkling":1,"minecraft:pig":3,"untamedwilds:terror_bird":1,"untamedwilds:tarantula":1,"untamedwilds:boar":1,"minecraft:creeper":1,"minecraft:zombie":3,"iceandfire:ghost":1,"orcz:orcsavage_2sword":1,"orcz:snot":1,"orcz:orcshield":1,"minecraft:cow":4},"minecraft:mined":{"create:zinc_ore":1,"iceandfire:graveyard_soil":1,"luminousworld:grassvariant_4":1,"minecraft:acacia_log":1,"minecraft:grass_block":5,"botania:cyan_double_flower":1,"luminousworld:grassvariant_2":2,"mna:vinteum_ore":8,"botania:light_gray_mystical_flower":2,"luminousworld:groundpebbles_3":1,"botania:purple_mystical_flower":3,"minecraft:furnace":4,"minecraft:iron_ore":2,"mna:aum":1,"destroy:nickel_ore":1,"botania:light_blue_double_flower":1,"minecraft:stone":6,"botania:light_blue_mystical_flower":13,"botania:green_mystical_flower":5,"untamedwilds:flora_water_hyacinth":2,"botania:orange_mystical_flower":5,"minecraft:red_bed":5,"orcz:orcskull":2,"minecraft:dandelion":1,"minecraft:crafting_table":4,"untamedwilds:flora_bush_temperate":2,"untamedwilds:flora_common_reed":4,"minecraft:melon":11,"mna:cerublossom":2,"luminousworld:grassflowers":1,"minecraft:tall_grass":5,"minecraft:deepslate_coal_ore":1,"minecraft:sugar_cane":7,"luminousworld:whiteoaklog":1,"botania:cyan_mystical_flower":6,"untamedwilds:block_burrow":7,"minecraft:wheat":111,"minecraft:grass":15,"botania:yellow_mystical_flower":3,"minecraft:oak_log":25,"minecraft:coal_ore":20,"untamedwilds:flora_titan_arum":2,"mna:decoration/chimerite_arcane_stone_quad":1,"minecraft:dirt":1,"minecraft:dripstone_block":1,"luminousworld:grassvariant_3":2,"minecraft:stone_bricks":1,"luminousworld:savannah_grass_4":2,"minecraft:oak_leaves":3,"minecraft:deepslate":1,"minecraft:fern":1}},"DataVersion":3465}