{"stats":{"minecraft:mined":{"iceandfire:graveyard_soil":1,"minecraft:mossy_cobblestone":1,"luminousworld:grassvariant_4":1,"gravestone:gravestone":4,"minecraft:acacia_log":1,"minecraft:grass_block":5,"botania:cyan_double_flower":3,"luminousworld:grassvariant_2":2,"mna:vinteum_ore":9,"botania:light_gray_mystical_flower":2,"luminousworld:groundpebbles_3":1,"botania:purple_mystical_flower":3,"minecraft:furnace":4,"minecraft:iron_ore":2,"mna:aum":1,"minecraft:pumpkin":3,"create:asurine":1,"destroy:nickel_ore":1,"iceandfire:gold_pile":15,"iceandfire:myrmex_resin_sticky_jungle":1,"minecraft:stone":6,"botania:light_blue_double_flower":1,"botania:light_blue_mystical_flower":13,"luminousworld:creepbush":2,"botania:green_mystical_flower":7,"untamedwilds:flora_water_hyacinth":4,"botania:orange_mystical_flower":5,"minecraft:red_bed":7,"iceandfire:myrmex_resin_jungle":1,"orcz:orcskull":2,"minecraft:dandelion":1,"minecraft:crafting_table":5,"untamedwilds:flora_common_reed":4,"untamedwilds:flora_bush_temperate":2,"minecraft:melon":16,"mna:cerublossom":2,"luminousworld:grassflowers":1,"minecraft:tall_grass":5,"minecraft:deepslate_coal_ore":1,"minecraft:sugar_cane":7,"luminousworld:whiteoaklog":1,"botania:cyan_mystical_flower":7,"untamedwilds:block_burrow":9,"minecraft:wheat":111,"iceandfire:myrmex_jungle_biolight":7,"minecraft:grass":21,"botania:yellow_mystical_flower":3,"minecraft:coal_ore":20,"minecraft:oak_log":25,"untamedwilds:flora_titan_arum":2,"mna:decoration/chimerite_arcane_stone_quad":1,"minecraft:dirt":1,"minecraft:dripstone_block":1,"luminousworld:grassvariant_3":2,"minecraft:stone_bricks":1,"luminousworld:savannah_grass_4":2,"minecraft:deepslate":1,"minecraft:oak_leaves":4,"minecraft:fern":2,"create:zinc_ore":1},"minecraft:crafted":{"minecraft:oak_planks":32,"orcz:orcteeth_tool_sword":1,"minecraft:iron_boots":2,"minecraft:stone_pickaxe":1,"orcz:orcteeth_tool_pickaxe":1,"minecraft:chest":2,"minecraft:cooked_beef":8,"sophisticatedbackpacks:backpack":2,"minecraft:cooked_porkchop":9,"minecraft:crafting_table":1,"minecraft:wooden_pickaxe":1,"minecraft:air":0,"minecraft:bread":36,"iceandfire:bestiary":1,"minecraft:stick":9,"minecraft:iron_ingot":10,"minecraft:wooden_axe":1,"minecraft:iron_leggings":1,"mna:vinteum_dust":1},"minecraft:killed_by":{"alexsmobs:leafcutter_ant":1,"iceandfire:myrmex_queen":1,"minecraft:skeleton":1,"iceandfire:myrmex_sentinel":1},"minecraft:killed":{"untamedwilds:wildebeest":1,"minecraft:spider":3,"minecraft:skeleton":1,"minecraft:chicken":1,"orcz:orcsavagemace":1,"mna:barkling":1,"minecraft:pig":3,"untamedwilds:terror_bird":1,"untamedwilds:boar":1,"untamedwilds:tarantula":1,"minecraft:creeper":3,"iceandfire:myrmex_soldier":3,"minecraft:zombie":3,"iceandfire:ghost":1,"luminousworld:dark_oak_zombie":1,"orcz:orcsavage_2sword":1,"orcz:snot":1,"orcz:orcshield":1,"minecraft:cow":6},"minecraft:broken":{"minecraft:leather_helmet":1},"minecraft:picked_up":{"luminousworld:groundpebbles_1":3,"minecraft:iron_chestplate":1,"minecraft:coarse_dirt":8,"minecraft:crafting_table":8,"minecraft:wheat":110,"minecraft:chicken":4,"minecraft:potion":3,"iceandfire:myrmex_jungle_chitin":4,"minecraft:stone_brick_stairs":2,"gravestone:obituary":4,"minecraft:brewing_stand":1,"minecraft:shield":1,"botania:light_blue_double_flower":1,"iceandfire:manuscript":18,"minecraft:string":6,"minecraft:red_bed":9,"alexsmobs:ancient_dart":1,"minecraft:sea_pickle":1,"minecraft:gold_nugget":178,"minecraft:cobbled_deepslate":1,"untamedwilds:flora_water_hyacinth_item":5,"minecraft:beef":24,"minecraft:jungle_sapling":2,"minecraft:melon_slice":149,"minecraft:sugar_cane":16,"farmersdelight:cabbage_seeds":6,"minecraft:iron_boots":2,"minecraft:furnace":2,"minecraft:raw_iron":1,"minecraft:stick":8,"botania:cyan_double_flower":3,"orcz:orcskull":3,"untamedwilds:flora_common_reed":6,"botania:yellow_mystical_flower":3,"minecraft:acacia_log":1,"untamedwilds:flora_bush_temperate":2,"minecraft:porkchop":11,"iceandfire:myrmex_resin_sticky_jungle":1,"destroy:raw_nickel":1,"luminousworld:grassflowers":1,"minecraft:arrow":2,"minecraft:rotten_flesh":17,"botania:light_gray_mystical_flower":2,"mna:decoration/chimerite_arcane_stone_quad":1,"minecraft:shears":1,"create:asurine":1,"minecraft:pink_tulip":2,"sophisticatedbackpacks:copper_backpack":1,"luminousworld:tall_deadbush":1,"mna:vinteum_dust":17,"botania:green_mystical_flower":7,"minecraft:white_wool":23,"minecraft:cobblestone":23,"minecraft:birch_log":1,"minecraft:leather_chestplate":1,"minecraft:feather":4,"orcz:orcteeth":9,"untamedwilds:flora_elephant_ear":1,"mna:rune_marking":1,"mna:sachet_water":4,"minecraft:leather":23,"minecraft:potato":4,"create:raw_zinc":1,"minecraft:oak_log":28,"minecraft:gunpowder":4,"iceandfire:myrmex_resin_jungle":7,"minecraft:dirt":36,"minecraft:lantern":1,"botania:light_blue_mystical_flower":13,"untamedwilds:spawn_tortoise":14,"minecraft:bone":6,"botania:cyan_mystical_flower":6,"minecraft:apple":1,"minecraft:stone_bricks":1,"iceandfire:myrmex_jungle_resin":1,"minecraft:wheat_seeds":305,"orcz:orcteeth_tool_sword":1,"botania:purple_mystical_flower":3,"minecraft:iron_ingot":1,"minecraft:stone_pickaxe":3,"minecraft:cobweb":7,"minecraft:glass_bottle":2,"mna:cerublossom":2,"minecraft:mossy_stone_brick_stairs":2,"minecraft:book":5,"minecraft:cooked_porkchop":9,"minecraft:pumpkin":6,"mna:raw_vinteum":10,"patchouli:guide_book":2,"luminousworld:creepberries":2,"minecraft:dandelion":1,"minecraft:dripstone_block":1,"orcz:orcamanita":1,"minecraft:lily_of_the_valley":2,"iceandfire:myrmex_stinger":1,"minecraft:leather_helmet":2,"mna:aum":3,"alexsmobs:animal_dictionary":1,"minecraft:mossy_cobblestone":9,"luminousworld:whiteoaklog":1,"botania:orange_mystical_flower":5,"minecraft:bread":2,"minecraft:baked_potato":5,"minecraft:oak_sapling":1,"minecraft:coal":35,"untamedwilds:flora_titan_arum_corm":1,"orcz:orcteeth_tool_pickaxe":1},"minecraft:custom":{"minecraft:mob_kills":34,"minecraft:interact_with_crafting_table":17,"minecraft:open_barrel":6,"minecraft:damage_dealt_resisted":304,"minecraft:leave_game":3,"minecraft:time_since_death":832,"minecraft:climb_one_cm":4466,"minecraft:walk_one_cm":324457,"minecraft:sprint_one_cm":294424,"minecraft:drop":134,"minecraft:play_time":106859,"minecraft:deaths":5,"minecraft:sneak_time":2219,"minecraft:walk_under_water_one_cm":10555,"minecraft:jump":1501,"minecraft:walk_on_water_one_cm":18071,"minecraft:total_world_time":106859,"minecraft:interact_with_furnace":25,"minecraft:sleep_in_bed":6,"minecraft:time_since_rest":872,"minecraft:damage_taken":4081,"minecraft:trigger_trapped_chest":1,"minecraft:damage_dealt":6857,"minecraft:swim_one_cm":16831,"minecraft:fly_one_cm":275810,"minecraft:open_chest":63,"minecraft:crouch_one_cm":5213,"minecraft:fall_one_cm":44182},"minecraft:used":{"minecraft:acacia_log":1,"luminousworld:whiteoaklog":1,"luminousworld:tall_deadbush":1,"untamedwilds:spawn_tortoise":12,"minecraft:rotten_flesh":2,"minecraft:iron_chestplate":1,"minecraft:torch":1,"luminousworld:grassflowers":1,"minecraft:wooden_axe":35,"minecraft:lantern":1,"minecraft:iron_boots":1,"untamedwilds:flora_titan_arum_corm":1,"minecraft:stone_bricks":1,"minecraft:oak_sapling":1,"minecraft:furnace":2,"minecraft:cooked_beef":3,"minecraft:cobbled_deepslate":1,"orcz:orcskull":4,"minecraft:wheat_seeds":154,"minecraft:baked_potato":5,"minecraft:stone_pickaxe":48,"orcz:orcteeth_tool_pickaxe":22,"minecraft:wooden_pickaxe":3,"luminousworld:groundpebbles_1":1,"untamedwilds:flora_common_reed":3,"minecraft:white_wool":2,"minecraft:glow_berries":19,"minecraft:mossy_cobblestone":1,"minecraft:crafting_table":5,"minecraft:red_bed":2,"mna:aum":1,"minecraft:dripstone_block":1,"orcz:orcamanita":1,"luminousworld:creepberries":1,"orcz:orcteeth_tool_sword":96,"mna:cerublossom":2,"minecraft:melon_slice":11,"minecraft:bread":9,"minecraft:string":1,"minecraft:leather_helmet":2,"create:asurine":1,"iceandfire:myrmex_resin_jungle":6,"minecraft:stone_axe":24,"minecraft:potion":2,"minecraft:cobblestone":1,"minecraft:cooked_porkchop":2,"untamedwilds:flora_bush_temperate":2,"minecraft:birch_log":1,"minecraft:dandelion":1,"minecraft:sea_pickle":1,"minecraft:experience_bottle":1},"minecraft:dropped":{"minecraft:enchanted_book":2,"minecraft:iron_ingot":8,"minecraft:bread":38,"untamedwilds:flora_common_reed":1,"botania:yellow_mystical_flower":3,"minecraft:porkchop":2,"minecraft:wheat_seeds":4,"minecraft:lapis_lazuli":12,"minecraft:oak_log":20,"minecraft:mossy_cobblestone":8,"minecraft:glass_bottle":4,"minecraft:diamond":3,"mna:vinteum_dust":15,"botania:orange_mystical_flower":5,"minecraft:feather":2,"minecraft:cobblestone":10,"minecraft:book":6,"luminousworld:creepberries":1,"minecraft:leather":5,"minecraft:apple":1,"minecraft:mossy_stone_brick_stairs":2,"minecraft:coal":6,"minecraft:leather_helmet":2,"botania:light_blue_mystical_flower":13,"minecraft:emerald":3,"minecraft:stick":8,"minecraft:dirt":36,"minecraft:red_bed":2,"minecraft:brewing_stand":1,"orcz:bone_1":2,"minecraft:melon_slice":4,"minecraft:potion":1,"minecraft:iron_leggings":1,"minecraft:jungle_sapling":2,"gravestone:obituary":9,"minecraft:string":5,"mna:rune_marking":1,"iceandfire:myrmex_resin_jungle":1,"create:raw_zinc":1,"mna:sachet_water":3,"botania:light_blue_double_flower":1,"destroy:raw_nickel":1,"minecraft:pink_tulip":2,"minecraft:bone":12,"minecraft:sugar_cane":16,"minecraft:coarse_dirt":8,"alexsmobs:animal_dictionary":1,"farmersdelight:cabbage_seeds":6,"minecraft:chicken":3,"botania:purple_mystical_flower":3,"minecraft:iron_boots":2,"minecraft:oak_planks":2,"alexsmobs:ancient_dart":1,"sophisticatedbackpacks:backpack":2,"minecraft:name_tag":2,"orcz:ironscrap":1,"iceandfire:myrmex_resin_sticky_jungle":1,"minecraft:shears":1,"patchouli:guide_book":1,"minecraft:lily_of_the_valley":2,"mna:decoration/chimerite_arcane_stone_quad":1,"minecraft:potato":8,"minecraft:shield":1,"minecraft:gunpowder":3,"orcz:orcteeth":4,"botania:lexicon":1,"mna:aum":2,"luminousworld:groundpebbles_1":2,"iceandfire:bestiary":1,"sophisticatedbackpacks:copper_backpack":1,"minecraft:wooden_pickaxe":1,"minecraft:stone_pickaxe":3,"minecraft:beef":4,"untamedwilds:flora_water_hyacinth_item":3,"minecraft:stone_brick_stairs":2,"untamedwilds:flora_elephant_ear":1,"botania:light_gray_mystical_flower":2,"iceandfire:manuscript":20,"luminousworld:beastiary":1}},"DataVersion":3465}