{"stats":{"minecraft:custom":{"minecraft:mob_kills":20,"minecraft:interact_with_crafting_table":13,"minecraft:open_barrel":5,"minecraft:damage_dealt_resisted":304,"minecraft:leave_game":1,"minecraft:time_since_death":64122,"minecraft:climb_one_cm":629,"minecraft:sprint_one_cm":172378,"minecraft:walk_one_cm":207277,"minecraft:drop":29,"minecraft:play_time":64122,"minecraft:sneak_time":1245,"minecraft:walk_under_water_one_cm":6260,"minecraft:jump":839,"minecraft:walk_on_water_one_cm":5592,"minecraft:total_world_time":64122,"minecraft:interact_with_furnace":25,"minecraft:sleep_in_bed":5,"minecraft:time_since_rest":1064,"minecraft:damage_taken":569,"minecraft:damage_dealt":3578,"minecraft:swim_one_cm":10682,"minecraft:fly_one_cm":155799,"minecraft:open_chest":40,"minecraft:crouch_one_cm":2678,"minecraft:fall_one_cm":25037},"minecraft:dropped":{"minecraft:iron_ingot":1,"untamedwilds:flora_common_reed":1,"anthropology_items__structures:hunters_machete":1,"mna:vinteum_dust":12,"minecraft:coal":6,"minecraft:leather_helmet":1,"minecraft:stick":5,"botania:light_blue_mystical_flower":8,"orcz:bone_1":2,"minecraft:iron_leggings":1,"minecraft:string":4,"mna:sachet_water":3,"create:raw_zinc":1,"destroy:raw_nickel":1,"alexsmobs:animal_dictionary":1,"minecraft:iron_boots":2,"orcz:ironscrap":1,"patchouli:guide_book":1,"orcz:orcteeth":4,"minecraft:stone_pickaxe":1,"minecraft:wooden_pickaxe":1},"minecraft:used":{"luminousworld:whiteoaklog":1,"minecraft:acacia_log":1,"luminousworld:tall_deadbush":1,"untamedwilds:spawn_tortoise":8,"minecraft:rotten_flesh":2,"minecraft:iron_chestplate":1,"luminousworld:grassflowers":1,"minecraft:wooden_axe":35,"minecraft:iron_boots":1,"minecraft:furnace":2,"minecraft:oak_sapling":1,"minecraft:cooked_beef":2,"minecraft:cobbled_deepslate":1,"orcz:orcskull":4,"minecraft:wheat_seeds":154,"minecraft:stone_pickaxe":48,"minecraft:baked_potato":5,"orcz:orcteeth_tool_pickaxe":16,"minecraft:wooden_pickaxe":3,"luminousworld:groundpebbles_1":1,"untamedwilds:flora_common_reed":3,"minecraft:glow_berries":19,"anthropology_items__structures:hunters_machete":27,"minecraft:crafting_table":4,"minecraft:red_bed":2,"mna:aum":1,"minecraft:dripstone_block":1,"orcz:orcamanita":1,"orcz:orcteeth_tool_sword":28,"mna:cerublossom":2,"minecraft:bread":5,"minecraft:leather_helmet":1,"untamedwilds:flora_bush_temperate":2},"minecraft:crafted":{"minecraft:oak_planks":20,"orcz:orcteeth_tool_sword":1,"minecraft:iron_boots":2,"minecraft:stone_pickaxe":1,"orcz:orcteeth_tool_pickaxe":1,"minecraft:cooked_beef":8,"minecraft:cooked_porkchop":9,"minecraft:crafting_table":1,"minecraft:wooden_pickaxe":1,"minecraft:bread":36,"minecraft:air":0,"minecraft:stick":9,"minecraft:iron_ingot":10,"minecraft:wooden_axe":1,"minecraft:iron_leggings":1,"mna:vinteum_dust":1},"minecraft:picked_up":{"luminousworld:groundpebbles_1":1,"minecraft:crafting_table":5,"minecraft:iron_chestplate":1,"minecraft:wheat":110,"minecraft:chicken":4,"minecraft:brewing_stand":1,"botania:light_blue_double_flower":1,"minecraft:string":4,"minecraft:red_bed":5,"minecraft:cobbled_deepslate":1,"minecraft:beef":8,"minecraft:sugar_cane":16,"minecraft:furnace":2,"minecraft:iron_boots":1,"minecraft:stick":5,"minecraft:raw_iron":1,"botania:cyan_double_flower":1,"orcz:orcskull":3,"untamedwilds:flora_common_reed":6,"minecraft:acacia_log":1,"untamedwilds:flora_bush_temperate":2,"minecraft:porkchop":9,"destroy:raw_nickel":1,"luminousworld:grassflowers":1,"minecraft:rotten_flesh":2,"luminousworld:tall_deadbush":1,"mna:vinteum_dust":11,"botania:green_mystical_flower":5,"minecraft:white_wool":1,"minecraft:cobblestone":3,"minecraft:birch_log":1,"minecraft:feather":4,"orcz:orcteeth":9,"mna:sachet_water":4,"minecraft:leather":5,"create:raw_zinc":1,"minecraft:oak_log":25,"minecraft:dirt":2,"botania:light_blue_mystical_flower":13,"untamedwilds:spawn_tortoise":9,"minecraft:bone":4,"botania:cyan_mystical_flower":5,"minecraft:wheat_seeds":301,"botania:purple_mystical_flower":3,"minecraft:iron_ingot":1,"minecraft:stone_pickaxe":1,"mna:cerublossom":2,"mna:raw_vinteum":9,"minecraft:dripstone_block":1,"orcz:orcamanita":1,"mna:aum":1,"luminousworld:whiteoaklog":1,"minecraft:baked_potato":5,"minecraft:oak_sapling":1,"minecraft:coal":35},"minecraft:killed":{"minecraft:spider":2,"minecraft:chicken":1,"orcz:orcsavagemace":1,"mna:barkling":1,"minecraft:pig":2,"untamedwilds:terror_bird":1,"untamedwilds:boar":1,"minecraft:creeper":1,"minecraft:zombie":3,"orcz:orcsavage_2sword":1,"orcz:snot":1,"orcz:orcshield":1,"minecraft:cow":4},"minecraft:mined":{"create:zinc_ore":1,"luminousworld:grassvariant_4":1,"minecraft:acacia_log":1,"minecraft:grass_block":2,"botania:cyan_double_flower":1,"luminousworld:grassvariant_2":2,"mna:vinteum_ore":8,"luminousworld:groundpebbles_3":1,"botania:purple_mystical_flower":3,"minecraft:furnace":4,"minecraft:iron_ore":2,"mna:aum":1,"destroy:nickel_ore":1,"botania:light_blue_double_flower":1,"minecraft:stone":6,"botania:light_blue_mystical_flower":13,"botania:green_mystical_flower":5,"minecraft:red_bed":5,"orcz:orcskull":2,"minecraft:crafting_table":4,"untamedwilds:flora_bush_temperate":2,"untamedwilds:flora_common_reed":4,"mna:cerublossom":2,"luminousworld:grassflowers":1,"minecraft:tall_grass":1,"minecraft:deepslate_coal_ore":1,"minecraft:sugar_cane":7,"luminousworld:whiteoaklog":1,"botania:cyan_mystical_flower":6,"untamedwilds:block_burrow":6,"minecraft:wheat":111,"minecraft:grass":9,"minecraft:oak_log":25,"minecraft:coal_ore":20,"minecraft:dripstone_block":1,"luminousworld:grassvariant_3":2,"luminousworld:savannah_grass_4":2,"minecraft:oak_leaves":2,"minecraft:deepslate":1}},"DataVersion":3465}