{"stats":{"minecraft:mined":{"mna:brazier":11,"iceandfire:copper_pile":1,"botania:red_mystical_flower":1,"minecraft:cherry_log":1,"alexsmobs:leafcutter_anthill":1,"minecraft:jungle_leaves":1,"orcz:palisadedarkoak":8,"minecraft:granite":5,"minecraft:chiseled_polished_blackstone":17,"minecraft:acacia_log":1,"botania:light_gray_mystical_flower":9,"luminousworld:savanna_grass_2":6,"minecraft:spawner":1,"minecraft:polished_blackstone_bricks":6,"botania:purple_mystical_flower":15,"minecraft:fire":2,"minecraft:pumpkin":6,"minecraft:cave_vines":1,"iceandfire:gold_pile":106,"minecraft:water_cauldron":1,"botania:brown_mystical_flower":7,"minecraft:iron_block":3,"botania:light_blue_mystical_flower":21,"minecraft:tripwire":1,"botania:green_mystical_flower":11,"mekanism:osmium_ore":22,"minecraft:red_bed":7,"minecraft:torch":1,"minecraft:melon":34,"minecraft:sugar_cane":17,"minecraft:damaged_anvil":1,"botania:black_mystical_flower":9,"minecraft:skeleton_skull":2,"minecraft:chain":2,"minecraft:wheat":115,"minecraft:wither_rose":1,"minecraft:grass":68,"luminousworld:grassvariant_3":7,"untamedwilds:flora_canola":2,"minecraft:deepslate":2,"luminousworld:savannah_ground":1,"create:zinc_ore":1,"minecraft:light_gray_stained_glass_pane":1,"iceandfire:silver_ore":3,"minecraft:mossy_cobblestone":3,"iceandfire:pixie_house_birch":2,"botania:cyan_double_flower":6,"minecraft:redstone_wire":1,"luminousworld:grassvariant_2":13,"minecraft:moss_block":1,"botania:magenta_mystical_flower":9,"minecraft:acacia_wood":1,"iceandfire:chared_gravel":1,"minecraft:vine":4,"iceandfire:myrmex_resin_sticky_jungle":1,"luminousworld:groundpebbles_2":2,"minecraft:smithing_table":1,"luminousworld:savannah_soil":4,"botania:lime_mystical_flower":4,"minecraft:redstone_block":4,"minecraft:glass_pane":2,"orcz:orcskull":2,"minecraft:dandelion":1,"untamedwilds:flora_bush_temperate":2,"minecraft:campfire":12,"luminousworld:grassflowers":1,"minecraft:tall_grass":7,"minecraft:diorite":1,"luminousworld:whiteoaklog":1,"mna:runeforge":3,"minecraft:birch_leaves":4,"botania:white_mystical_flower":9,"minecraft:dripstone_block":1,"botania:gray_mystical_flower":2,"minecraft:cobweb":17,"minecraft:polished_blackstone":1,"minecraft:stone_bricks":5,"luminousworld:elephant_grass":1,"minecraft:fern":6,"create:deepslate_zinc_ore":1,"minecraft:spruce_planks":11,"iceandfire:graveyard_soil":1,"botania:pink_double_flower":1,"minecraft:brewing_stand":1,"minecraft:cave_vines_plant":1,"minecraft:grass_block":19,"minecraft:cracked_polished_blackstone_bricks":1,"minecraft:raw_iron_block":11,"minecraft:mossy_cobblestone_slab":1,"minecraft:iron_ore":3,"minecraft:black_carpet":1,"minecraft:dark_oak_stairs":1,"create:asurine":1,"mna:runescribing_table":1,"minecraft:pointed_dripstone":1,"minecraft:iron_bars":1,"iceandfire:pixie_house_spruce":2,"luminousworld:decorative_brown_2":1,"luminousworld:creepbush":3,"untamedwilds:flora_water_hyacinth":5,"botania:orange_mystical_flower":7,"luminousworld:tall_deadbush":1,"iceandfire:myrmex_resin_jungle":1,"iceandfire:myrmex_desert_resin_glass":1,"untamedwilds:flora_common_reed":4,"botania:green_double_flower":1,"mna:cerublossom":2,"minecraft:chest":2,"mna:decoration/arcane_stone":2,"minecraft:cobblestone":9,"botania:blue_mystical_flower":18,"botania:blue_double_flower":2,"minecraft:wall_torch":2,"minecraft:pink_petals":5,"minecraft:tnt":303,"mna:pedestal":2,"minecraft:oak_log":25,"minecraft:dirt":13,"luminousworld:savannah_grass_4":8,"minecraft:oak_leaves":17,"botania:magenta_double_flower":1,"minecraft:tuff":4,"luminousworld:grassvariant_4":2,"minecraft:mangrove_roots":2,"gravestone:gravestone":21,"iceandfire:chared_dirt":1,"minecraft:spruce_leaves":1,"mna:vinteum_ore":27,"luminousworld:groundpebbles_3":1,"minecraft:hay_block":6,"untamedwilds:flora_yarrow":1,"minecraft:furnace":9,"luminousworld:yellow_grassflowers":2,"minecraft:black_glazed_terracotta":1,"mna:aum":1,"mna:manaweaving_altar":1,"minecraft:gold_block":50,"minecraft:bookshelf":22,"destroy:nickel_ore":2,"minecraft:stone":47,"botania:light_blue_double_flower":1,"minecraft:redstone_wall_torch":1,"minecraft:crafting_table":8,"luminousworld:savannah_grass_1":3,"minecraft:lectern":1,"minecraft:deepslate_coal_ore":3,"minecraft:lapis_ore":4,"minecraft:polished_blackstone_brick_stairs":2,"botania:pink_mystical_flower":5,"farmersdelight:wild_beetroots":1,"botania:cyan_mystical_flower":30,"untamedwilds:block_burrow":20,"minecraft:redstone_torch":1,"iceandfire:myrmex_jungle_biolight":7,"iceandfire:ash":2,"minecraft:yellow_bed":1,"minecraft:coal_ore":131,"botania:yellow_mystical_flower":9,"untamedwilds:flora_titan_arum":2,"mna:decoration/chimerite_arcane_stone_quad":1,"minecraft:cherry_leaves":3,"minecraft:cracked_stone_bricks":3},"minecraft:crafted":{"mna:vinteum_coated_iron":4,"minecraft:cooked_porkchop":9,"minecraft:gold_ingot":56,"mna:vinteum_dust":1,"orcz:orcteeth_tool_sword":1,"minecraft:stone_pickaxe":1,"orcz:orcteeth_tool_pickaxe":1,"minecraft:wheat":54,"minecraft:wooden_axe":1,"minecraft:iron_leggings":1,"minecraft:oak_planks":36,"minecraft:stone":3,"minecraft:iron_boots":2,"minecraft:chest":2,"minecraft:golden_sword":1,"sophisticatedbackpacks:backpack":2,"minecraft:crafting_table":1,"minecraft:wooden_pickaxe":1,"minecraft:iron_helmet":2,"minecraft:stick":21,"minecraft:iron_ingot":43,"mna:vinteum_ingot":2,"minecraft:cherry_planks":4,"minecraft:raw_iron":90,"mna:manaweaver_wand":1,"minecraft:iron_axe":1,"minecraft:cooked_beef":8,"minecraft:iron_sword":1,"minecraft:bread":36,"minecraft:air":0,"iceandfire:bestiary":1,"minecraft:acacia_planks":4},"minecraft:killed_by":{"alexsmobs:leafcutter_ant":1,"minecraft:vindicator":6,"minecraft:zombie":1,"alexsmobs:grizzly_bear":1,"irons_spellbooks:summoned_skeleton":1,"alexsmobs:tiger":2,"iceandfire:myrmex_queen":1,"irons_spellbooks:necromancer":1,"minecraft:skeleton":2,"iceandfire:myrmex_sentinel":1},"minecraft:broken":{"mna:manaweaver_wand":2,"minecraft:leather_helmet":1,"orcz:orcteeth_tool_sword":1},"minecraft:killed":{"untamedwilds:wildebeest":1,"minecraft:skeleton":8,"luminousworld:dark_oak_skeleton":1,"alexsmobs:leafcutter_ant":2,"minecraft:chicken":1,"minecraft:zombie":14,"orcz:bigorcboss":1,"untamedwilds:bison":1,"untamedwilds:snake":2,"orcz:orcsavage_2sword":2,"minecraft:cow":6,"alexsmobs:raccoon":1,"minecraft:vindicator":2,"orcz:orcsavagemace":1,"untamedwilds:terror_bird":2,"untamedwilds:monitor":1,"untamedwilds:big_cat":2,"iceandfire:ghost":2,"luminousworld:swamp_zombie":1,"mna:lantern_wraith":1,"mca:female_villager":1,"minecraft:spider":7,"irons_spellbooks:summoned_skeleton":1,"minecraft:pig":3,"untamedwilds:boar":1,"untamedwilds:tarantula":2,"minecraft:creeper":6,"untamedwilds:bear":2,"luminousworld:dark_oak_zombie":3,"orcz:snot":3,"orcz:orcshield":1,"irons_spellbooks:summoned_zombie":1,"alexsmobs:bison":1,"mna:barkling":1,"luminousworld:savannah_zombie":1,"mna:living_ward":1,"iceandfire:myrmex_soldier":3},"minecraft:picked_up":{"minecraft:iron_chestplate":1,"minecraft:smithing_table":2,"minecraft:wither_rose":1,"minecraft:brewing_stand":2,"minecraft:golden_sword":1,"botania:light_blue_double_flower":1,"iceandfire:manuscript":23,"minecraft:polished_blackstone_brick_stairs":2,"minecraft:string":30,"minecraft:cobbled_deepslate":2,"minecraft:gold_nugget":1126,"minecraft:black_glazed_terracotta":1,"minecraft:spruce_planks":10,"minecraft:melon_slice":194,"orcz:orcskull":3,"untamedwilds:flora_common_reed":6,"minecraft:acacia_log":1,"iceandfire:myrmex_resin_sticky_jungle":1,"minecraft:cherry_log":1,"orcz:palisadedarkoak":4,"minecraft:cauldron":3,"botania:white_mystical_flower":9,"luminousworld:grassflowers":1,"mna:pedestal":2,"minecraft:iron_block":3,"farmersdelight:rope":4,"luminousworld:far_lands":1,"botania:blue_double_flower":2,"minecraft:iron_bars":1,"minecraft:birch_log":1,"minecraft:cooked_beef":25,"minecraft:feather":8,"orcz:orcteeth":21,"mna:manaweaver_wand":5,"mna:sachet_water":4,"minecraft:copper_block":1,"minecraft:lantern":4,"orcz:orcteeth_tool_sword":1,"ribbits:maraca":1,"luminousworld:elephant_grass":2,"minecraft:dark_oak_sign":2,"minecraft:diamond_helmet":1,"mna:cerublossom":2,"minecraft:moss_block":1,"botania:red_mystical_flower":1,"minecraft:chiseled_polished_blackstone":17,"patchouli:guide_book":2,"luminousworld:creepberries":3,"botania:pink_double_flower":1,"iceandfire:stymphalian_bird_feather":19,"iceandfire:myrmex_stinger":2,"alexsmobs:animal_dictionary":1,"mna:manaweaving_altar":1,"minecraft:bundle":2,"iceandfire:lectern":1,"minecraft:granite":1,"minecraft:bread":4,"alexsmobs:maggot":2,"iceandfire:raw_silver":3,"sophisticatedbackpacks:gold_backpack":1,"minecraft:crafting_table":12,"luminousworld:groundpebbles_1":4,"minecraft:coarse_dirt":8,"luminousworld:decorative_brown_2":1,"untamedwilds:flora_canola":2,"gravestone:obituary":19,"mna:rune_pattern":1,"minecraft:red_bed":9,"minecraft:cracked_stone_bricks":2,"untamedwilds:flora_water_hyacinth_item":7,"minecraft:beef":24,"minecraft:jungle_sapling":2,"minecraft:chest":2,"untamedwilds:flora_bush_temperate":2,"orcz:orchorn":1,"minecraft:redstone":4,"minecraft:tnt":305,"minecraft:diamond_chestplate":1,"minecraft:beetroot_seeds":1,"minecraft:shears":1,"minecraft:hay_block":6,"botania:blue_mystical_flower":20,"minecraft:gold_ingot":1,"minecraft:polished_blackstone":2,"sophisticatedbackpacks:copper_backpack":1,"mna:vinteum_dust":53,"botania:green_mystical_flower":13,"minecraft:white_wool":23,"mna:runeforge":3,"iceandfire:myrmex_desert_resin_glass":1,"minecraft:acacia_wood":1,"botania:green_double_flower":1,"minecraft:oak_log":39,"iceandfire:myrmex_resin_jungle":7,"untamedwilds:spawn_tortoise":15,"minecraft:apple":1,"minecraft:stone_bricks":3,"minecraft:stone_pickaxe":3,"minecraft:cobweb":7,"minecraft:glass_bottle":3,"minecraft:dark_oak_stairs":1,"iceandfire:copper_nugget":14,"orcz:orcamanita":1,"mna:sachet_earth":2,"minecraft:leather_helmet":2,"untamedwilds:hide_gray":3,"iceandfire:pixie_house_spruce":2,"botania:orange_mystical_flower":7,"minecraft:baked_potato":5,"minecraft:melon_seeds":1,"botania:brown_mystical_flower":12,"minecraft:mangrove_propagule":1,"orcz:orcteeth_tool_pickaxe":1,"irons_spellbooks:scroll":1,"minecraft:black_carpet":1,"minecraft:wheat":115,"minecraft:redstone_block":3,"minecraft:potion":4,"iceandfire:myrmex_jungle_chitin":8,"minecraft:stone_brick_stairs":2,"irons_spellbooks:nature_rune":1,"alexsmobs:ancient_dart":2,"minecraft:iron_leggings":2,"minecraft:sea_pickle":1,"irons_spellbooks:arcane_essence":4,"minecraft:redstone_torch":2,"mna:guide_book":1,"alexsmobs:raccoon_tail":1,"farmersdelight:cabbage_seeds":6,"minecraft:iron_boots":3,"minecraft:furnace":7,"minecraft:stick":8,"botania:cyan_double_flower":8,"mna:brazier":12,"minecraft:oak_fence":1,"minecraft:torch":3,"botania:yellow_mystical_flower":9,"luminousworld:savannah_soil":4,"minecraft:porkchop":12,"minecraft:pointed_dripstone":2,"destroy:raw_nickel":2,"minecraft:rotten_flesh":36,"botania:light_gray_mystical_flower":9,"mna:decoration/chimerite_arcane_stone_quad":1,"create:asurine":1,"minecraft:mangrove_roots":2,"luminousworld:tall_deadbush":2,"untamedwilds:flora_yarrow":1,"minecraft:cobblestone":67,"minecraft:pink_petals":72,"luminousworld:savannah_ground":1,"minecraft:leather_chestplate":2,"untamedwilds:flora_elephant_ear":1,"mna:rune_marking":1,"minecraft:potato":4,"minecraft:tuff":6,"create:raw_zinc":2,"minecraft:lapis_lazuli":28,"minecraft:dirt":97,"minecraft:bone":30,"botania:cyan_mystical_flower":38,"iceandfire:myrmex_jungle_resin":1,"minecraft:bow":2,"minecraft:wheat_seeds":370,"botania:pink_mystical_flower":4,"botania:purple_mystical_flower":17,"botania:gray_mystical_flower":2,"minecraft:oak_planks":1,"minecraft:mossy_stone_brick_stairs":2,"mna:staff_prismarinecrystal":1,"minecraft:cooked_porkchop":9,"orcz:orcagaric":2,"mna:runescribing_table":1,"iceandfire:pixie_house_birch":2,"minecraft:sand":3,"minecraft:lily_of_the_valley":2,"minecraft:mossy_cobblestone":10,"minecraft:diamond":8,"minecraft:cracked_polished_blackstone_bricks":1,"minecraft:emerald":4,"minecraft:oak_sapling":1,"untamedwilds:flora_titan_arum_corm":1,"minecraft:charcoal":24,"minecraft:chicken":4,"minecraft:gold_block":49,"minecraft:shield":1,"untamedwilds:food_bear_raw":3,"minecraft:item_frame":41,"botania:magenta_mystical_flower":9,"minecraft:lectern":1,"minecraft:sugar_cane":34,"mna:decoration/arcane_stone":2,"minecraft:raw_iron":59,"minecraft:copper_ingot":6,"minecraft:polished_blackstone_bricks":7,"untamedwilds:hide_black":3,"minecraft:arrow":31,"botania:lime_mystical_flower":4,"minecraft:pink_tulip":2,"minecraft:skeleton_skull":2,"botania:magenta_double_flower":1,"mna:torn_journal_page":7,"minecraft:leather":29,"iceandfire:ectoplasm":6,"minecraft:yellow_bed":1,"minecraft:gunpowder":11,"botania:black_mystical_flower":9,"botania:light_blue_mystical_flower":21,"minecraft:cooked_mutton":5,"untamedwilds:material_fat":1,"minecraft:iron_ingot":67,"minecraft:book":71,"luminousworld:clovers_1":1,"minecraft:pumpkin":9,"mna:raw_vinteum":29,"minecraft:dripstone_block":1,"minecraft:dandelion":1,"minecraft:raw_iron_block":11,"mekanism:raw_osmium":22,"mna:aum":3,"luminousworld:whiteoaklog":1,"minecraft:iron_helmet":1,"minecraft:cherry_sapling":1,"minecraft:damaged_anvil":1,"minecraft:coal":237},"minecraft:custom":{"minecraft:interact_with_crafting_table":40,"minecraft:open_barrel":15,"minecraft:bell_ring":1,"minecraft:eat_cake_slice":2,"minecraft:leave_game":6,"minecraft:time_since_death":2441,"minecraft:damage_blocked_by_shield":645,"minecraft:play_time":356099,"minecraft:deaths":22,"minecraft:jump":5860,"minecraft:interact_with_furnace":55,"minecraft:sleep_in_bed":8,"minecraft:damage_dealt":19246,"minecraft:inspect_dispenser":6,"minecraft:sneak_time":7754,"minecraft:interact_with_blast_furnace":2,"minecraft:total_world_time":356099,"minecraft:time_since_rest":2469,"minecraft:swim_one_cm":49188,"minecraft:fly_one_cm":995602,"minecraft:open_chest":158,"minecraft:fall_one_cm":199859,"minecraft:sprint_one_cm":1036310,"minecraft:drop":445,"minecraft:walk_on_water_one_cm":44206,"minecraft:crouch_one_cm":22298,"minecraft:mob_kills":93,"minecraft:damage_dealt_resisted":304,"minecraft:climb_one_cm":46837,"minecraft:walk_one_cm":1162245,"minecraft:walk_under_water_one_cm":28403,"minecraft:damage_taken":12558,"minecraft:trigger_trapped_chest":2},"minecraft:used":{"minecraft:moss_block":1,"minecraft:polished_blackstone":2,"minecraft:black_carpet":1,"untamedwilds:spawn_tortoise":12,"minecraft:stone":4,"minecraft:rotten_flesh":2,"untamedwilds:flora_titan_arum_corm":1,"minecraft:bow":3,"mna:constructs/construct_hammer_arm_right_iron":7,"minecraft:furnace":3,"minecraft:oak_sapling":1,"luminousworld:clovers_1":1,"untamedwilds:flora_yarrow":1,"minecraft:wooden_pickaxe":3,"minecraft:black_glazed_terracotta":1,"minecraft:glow_berries":78,"minecraft:sand":3,"orcz:orcteeth_tool_sword":134,"mna:cerublossom":2,"iceandfire:myrmex_resin_jungle":6,"minecraft:birch_log":1,"minecraft:iron_bars":1,"luminousworld:whiteoaklog":1,"minecraft:acacia_log":1,"luminousworld:tall_deadbush":2,"minecraft:torch":23,"orcz:palisadedarkoak":4,"untamedwilds:flora_canola":2,"mna:brazier":1,"minecraft:iron_axe":101,"luminousworld:savannah_soil":4,"minecraft:cobbled_deepslate":2,"minecraft:acacia_planks":2,"minecraft:pointed_dripstone":2,"minecraft:wheat_seeds":154,"orcz:orcteeth_tool_pickaxe":194,"minecraft:cherry_planks":4,"minecraft:polished_blackstone_bricks":7,"minecraft:cracked_stone_bricks":2,"minecraft:mossy_cobblestone":1,"minecraft:crafting_table":6,"minecraft:red_bed":2,"minecraft:mangrove_propagule":1,"minecraft:iron_pickaxe":539,"minecraft:leather_helmet":2,"minecraft:cobblestone":20,"minecraft:potion":3,"minecraft:cooked_porkchop":9,"untamedwilds:flora_bush_temperate":2,"minecraft:dandelion":1,"minecraft:cherry_sapling":1,"minecraft:shield":9,"minecraft:iron_sword":233,"luminousworld:savannah_ground":1,"minecraft:iron_chestplate":1,"luminousworld:decorative_brown_2":1,"minecraft:tuff":4,"minecraft:lantern":4,"minecraft:iron_helmet":1,"luminousworld:elephant_grass":1,"orcz:orcagaric":2,"minecraft:stone_bricks":3,"minecraft:item_frame":42,"minecraft:golden_sword":11,"minecraft:mangrove_roots":2,"minecraft:skeleton_skull":2,"orcz:orcskull":4,"minecraft:chiseled_polished_blackstone":17,"minecraft:dark_oak_sign":2,"minecraft:stone_pickaxe":48,"minecraft:oak_planks":2,"minecraft:redstone_block":1,"luminousworld:groundpebbles_1":2,"minecraft:white_wool":2,"minecraft:dripstone_block":1,"minecraft:redstone_torch":2,"luminousworld:creepberries":1,"mna:runeforge":2,"minecraft:bread":37,"minecraft:melon_slice":68,"minecraft:string":1,"create:asurine":1,"minecraft:experience_bottle":1,"minecraft:cobweb":11,"minecraft:oak_fence":1,"minecraft:spruce_planks":7,"minecraft:dirt":60,"luminousworld:grassflowers":1,"iceandfire:myrmex_desert_resin_glass":1,"minecraft:wooden_axe":35,"minecraft:polished_blackstone_brick_stairs":2,"minecraft:iron_boots":6,"minecraft:cooked_beef":19,"minecraft:pumpkin":1,"minecraft:iron_leggings":2,"minecraft:cooked_mutton":1,"minecraft:baked_potato":5,"minecraft:copper_block":1,"untamedwilds:flora_common_reed":3,"mna:aum":1,"orcz:orcamanita":1,"minecraft:cracked_polished_blackstone_bricks":1,"minecraft:stone_axe":24,"minecraft:pink_petals":71,"minecraft:yellow_bed":1,"minecraft:sea_pickle":1},"minecraft:dropped":{"iceandfire:raw_silver":3,"minecraft:porkchop":3,"minecraft:lapis_lazuli":39,"minecraft:glass_bottle":7,"botania:red_mystical_flower":1,"untamedwilds:material_fat":1,"minecraft:diamond":13,"minecraft:crafting_table":5,"mna:vinteum_dust":39,"minecraft:mossy_stone_brick_stairs":2,"iceandfire:ectoplasm":12,"minecraft:cracked_stone_bricks":1,"minecraft:saddle":1,"minecraft:leather_helmet":3,"minecraft:item_frame":2,"minecraft:emerald":11,"minecraft:gold_block":49,"minecraft:dirt":37,"minecraft:red_bed":4,"minecraft:yellow_dye":1,"irons_spellbooks:arcane_essence":9,"minecraft:jungle_sapling":2,"minecraft:gold_nugget":531,"minecraft:white_wool":25,"mna:torn_journal_page":17,"alexsmobs:raccoon_tail":1,"botania:white_mystical_flower":9,"iceandfire:myrmex_resin_jungle":1,"untamedwilds:food_bear_raw":3,"mna:sachet_water":3,"iceandfire:myrmex_jungle_chitin":8,"minecraft:bone":29,"botania:pink_double_flower":1,"minecraft:sugar_cane":34,"alexsmobs:animal_dictionary":1,"minecraft:wheat":59,"mna:constructs/construct_hammer_arm_right_iron":1,"minecraft:rotten_flesh":34,"minecraft:oak_planks":2,"iceandfire:pixie_house_spruce":2,"mna:runeforge":1,"botania:cyan_double_flower":9,"minecraft:charcoal":24,"iceandfire:bestiary":1,"farmersdelight:rope":4,"minecraft:beef":20,"minecraft:stone_brick_stairs":2,"botania:light_gray_mystical_flower":9,"iceandfire:manuscript":55,"minecraft:lectern":1,"luminousworld:beastiary":1,"minecraft:enchanted_book":2,"minecraft:iron_ingot":36,"botania:blue_double_flower":2,"untamedwilds:flora_common_reed":1,"minecraft:wheat_seeds":67,"minecraft:tnt":305,"botania:magenta_double_flower":1,"minecraft:feather":6,"minecraft:iron_helmet":3,"minecraft:cobblestone":33,"minecraft:book":72,"botania:gray_mystical_flower":2,"minecraft:apple":1,"minecraft:granite":1,"minecraft:coal":157,"botania:light_blue_mystical_flower":21,"minecraft:cobweb":13,"iceandfire:copper_nugget":14,"mna:brazier":11,"minecraft:cooked_salmon":8,"minecraft:diamond_helmet":1,"minecraft:potion":2,"minecraft:pumpkin":3,"minecraft:string":15,"mna:rune_marking":1,"iceandfire:pixie_house_birch":2,"irons_spellbooks:nature_rune":1,"create:raw_zinc":2,"mna:guide_book":2,"minecraft:pink_tulip":2,"minecraft:furnace":4,"iceandfire:myrmex_stinger":2,"minecraft:chicken":3,"minecraft:iron_boots":3,"sophisticatedbackpacks:backpack":2,"minecraft:name_tag":2,"minecraft:damaged_anvil":1,"iceandfire:troll_tusk":1,"minecraft:shears":1,"untamedwilds:hide_gray":3,"untamedwilds:hide_black":3,"minecraft:lily_of_the_valley":2,"minecraft:potato":8,"botania:green_double_flower":1,"botania:lexicon":1,"minecraft:bundle":3,"minecraft:spruce_planks":3,"iceandfire:lectern":1,"sophisticatedbackpacks:copper_backpack":1,"luminousworld:elephant_grass":1,"minecraft:bow":1,"mna:manaweaving_altar":1,"botania:lime_mystical_flower":4,"orcz:orchorn":1,"minecraft:oak_log":30,"botania:black_mystical_flower":9,"minecraft:leather":19,"mna:manaweaver_wand":4,"orcz:bone_1":2,"minecraft:mutton":23,"botania:green_mystical_flower":8,"gravestone:obituary":41,"minecraft:cauldron":3,"iceandfire:stymphalian_bird_feather":19,"botania:brown_mystical_flower":12,"botania:purple_mystical_flower":17,"mna:pedestal":2,"minecraft:cooked_mutton":4,"mna:wand_amethyst":1,"iceandfire:myrmex_resin_sticky_jungle":1,"patchouli:guide_book":1,"minecraft:leather_chestplate":2,"minecraft:gunpowder":14,"minecraft:beetroot_seeds":1,"minecraft:melon_seeds":3,"mna:rune_pattern":3,"botania:blue_mystical_flower":20,"minecraft:arrow":29,"untamedwilds:flora_water_hyacinth_item":3,"minecraft:bread":40,"botania:yellow_mystical_flower":9,"mna:staff_prismarinecrystal":3,"minecraft:mossy_cobblestone":9,"minecraft:smithing_table":2,"botania:orange_mystical_flower":7,"luminousworld:creepberries":2,"luminousworld:far_lands":1,"minecraft:copper_ingot":6,"minecraft:stick":13,"irons_spellbooks:scroll":1,"minecraft:brewing_stand":2,"farmersdelight:cooking_pot":1,"minecraft:melon_slice":4,"mna:staff_gold":1,"minecraft:iron_leggings":2,"mekanism:raw_osmium":22,"minecraft:wither_rose":1,"minecraft:raw_iron_block":1,"minecraft:pink_petals":1,"mna:raw_vinteum":20,"mna:runescribing_table":1,"minecraft:bucket":5,"botania:light_blue_double_flower":1,"minecraft:redstone_block":2,"iceandfire:dragonbone":1,"minecraft:redstone":8,"destroy:raw_nickel":2,"alexsmobs:maggot":2,"minecraft:coarse_dirt":8,"minecraft:tuff":2,"minecraft:raw_iron":84,"farmersdelight:cabbage_seeds":6,"alexsmobs:ancient_dart":3,"iceandfire:myrmex_jungle_resin":1,"orcz:ironscrap":1,"mna:decoration/chimerite_arcane_stone_quad":1,"minecraft:shield":1,"botania:cyan_mystical_flower":33,"orcz:orcteeth":16,"mna:aum":2,"luminousworld:groundpebbles_1":2,"minecraft:golden_sword":2,"botania:pink_mystical_flower":4,"minecraft:stone_pickaxe":3,"minecraft:wooden_pickaxe":1,"untamedwilds:flora_elephant_ear":1,"botania:magenta_mystical_flower":9}},"DataVersion":3465}