{"stats":{"minecraft:killed":{"minecraft:pig":2,"untamedwilds:boar":1,"minecraft:zombie":1,"minecraft:chicken":1,"mna:barkling":1,"minecraft:cow":4},"minecraft:picked_up":{"luminousworld:groundpebbles_1":1,"minecraft:crafting_table":4,"minecraft:feather":2,"minecraft:chicken":1,"mna:sachet_water":4,"minecraft:leather":5,"minecraft:oak_log":25,"minecraft:dirt":2,"minecraft:red_bed":3,"botania:light_blue_mystical_flower":8,"untamedwilds:spawn_tortoise":4,"minecraft:bone":1,"botania:cyan_mystical_flower":5,"minecraft:cobbled_deepslate":1,"minecraft:beef":8,"mna:cerublossom":2,"minecraft:sugar_cane":16,"minecraft:furnace":1,"minecraft:stick":5,"botania:cyan_double_flower":1,"untamedwilds:flora_common_reed":6,"untamedwilds:flora_bush_temperate":2,"minecraft:dripstone_block":1,"minecraft:porkchop":9,"mna:aum":1,"luminousworld:whiteoaklog":1,"luminousworld:grassflowers":1,"minecraft:baked_potato":5,"minecraft:oak_sapling":1,"botania:green_mystical_flower":5,"minecraft:coal":21,"minecraft:white_wool":1,"minecraft:cobblestone":3},"minecraft:custom":{"minecraft:interact_with_furnace":7,"minecraft:mob_kills":10,"minecraft:interact_with_crafting_table":3,"minecraft:time_since_death":29775,"minecraft:sleep_in_bed":3,"minecraft:climb_one_cm":629,"minecraft:time_since_rest":3159,"minecraft:sprint_one_cm":74703,"minecraft:damage_taken":285,"minecraft:walk_one_cm":100425,"minecraft:drop":6,"minecraft:damage_dealt":1429,"minecraft:swim_one_cm":4042,"minecraft:fly_one_cm":80771,"minecraft:open_chest":7,"minecraft:crouch_one_cm":1656,"minecraft:play_time":29775,"minecraft:sneak_time":683,"minecraft:walk_under_water_one_cm":4040,"minecraft:jump":488,"minecraft:walk_on_water_one_cm":4551,"minecraft:total_world_time":29775,"minecraft:fall_one_cm":15553},"minecraft:mined":{"botania:green_mystical_flower":5,"minecraft:red_bed":4,"minecraft:crafting_table":3,"untamedwilds:flora_bush_temperate":2,"untamedwilds:flora_common_reed":4,"minecraft:grass_block":2,"mna:cerublossom":2,"botania:cyan_double_flower":1,"luminousworld:grassvariant_2":2,"luminousworld:grassflowers":1,"minecraft:tall_grass":1,"minecraft:deepslate_coal_ore":1,"minecraft:sugar_cane":7,"luminousworld:groundpebbles_3":1,"luminousworld:whiteoaklog":1,"botania:cyan_mystical_flower":6,"untamedwilds:block_burrow":3,"minecraft:furnace":1,"minecraft:iron_ore":2,"mna:aum":1,"minecraft:grass":9,"minecraft:coal_ore":19,"minecraft:oak_log":25,"minecraft:dripstone_block":1,"minecraft:stone":6,"botania:light_blue_mystical_flower":8,"luminousworld:savannah_grass_4":2,"minecraft:oak_leaves":2,"minecraft:deepslate":1},"minecraft:crafted":{"minecraft:cooked_beef":8,"minecraft:oak_planks":20,"minecraft:crafting_table":1,"minecraft:wooden_pickaxe":1,"minecraft:air":0,"minecraft:stick":5,"minecraft:stone_pickaxe":1,"minecraft:wooden_axe":1},"minecraft:dropped":{"minecraft:stick":3,"minecraft:wooden_pickaxe":1,"mna:sachet_water":3},"minecraft:used":{"luminousworld:whiteoaklog":1,"minecraft:stone_pickaxe":48,"minecraft:baked_potato":5,"minecraft:wooden_pickaxe":3,"untamedwilds:spawn_tortoise":4,"luminousworld:groundpebbles_1":1,"untamedwilds:flora_common_reed":3,"anthropology_items__structures:hunters_machete":4,"luminousworld:grassflowers":1,"minecraft:crafting_table":2,"minecraft:red_bed":2,"mna:aum":1,"minecraft:dripstone_block":1,"minecraft:wooden_axe":33,"mna:cerublossom":2,"minecraft:bread":2,"minecraft:leather_helmet":1,"minecraft:oak_sapling":1,"untamedwilds:flora_bush_temperate":2,"minecraft:cooked_beef":1,"minecraft:cobbled_deepslate":1}},"DataVersion":3465}