{"stats":{"minecraft:mined":{"create:deepslate_zinc_ore":1,"minecraft:spruce_planks":4,"iceandfire:graveyard_soil":1,"mna:brazier":11,"minecraft:cherry_log":1,"minecraft:brewing_stand":1,"minecraft:cave_vines_plant":1,"minecraft:granite":4,"minecraft:chiseled_polished_blackstone":17,"minecraft:acacia_log":1,"minecraft:grass_block":15,"minecraft:cracked_polished_blackstone_bricks":1,"botania:light_gray_mystical_flower":2,"minecraft:polished_blackstone_bricks":6,"minecraft:raw_iron_block":11,"botania:purple_mystical_flower":9,"minecraft:mossy_cobblestone_slab":1,"minecraft:iron_ore":2,"minecraft:pumpkin":3,"minecraft:black_carpet":1,"create:asurine":1,"mna:runescribing_table":1,"minecraft:pointed_dripstone":1,"minecraft:cave_vines":1,"iceandfire:gold_pile":52,"minecraft:water_cauldron":1,"minecraft:iron_bars":1,"iceandfire:pixie_house_spruce":2,"luminousworld:decorative_brown_2":1,"minecraft:iron_block":3,"botania:light_blue_mystical_flower":17,"minecraft:tripwire":1,"luminousworld:creepbush":2,"botania:green_mystical_flower":11,"botania:orange_mystical_flower":7,"untamedwilds:flora_water_hyacinth":4,"mekanism:osmium_ore":20,"minecraft:red_bed":7,"iceandfire:myrmex_resin_jungle":1,"untamedwilds:flora_common_reed":4,"botania:green_double_flower":1,"minecraft:melon":16,"mna:cerublossom":2,"minecraft:cobblestone":1,"botania:blue_mystical_flower":8,"minecraft:sugar_cane":11,"minecraft:damaged_anvil":1,"botania:black_mystical_flower":5,"minecraft:wall_torch":2,"minecraft:pink_petals":5,"minecraft:skeleton_skull":2,"minecraft:wheat":111,"minecraft:tnt":303,"minecraft:wither_rose":1,"minecraft:grass":38,"mna:pedestal":2,"minecraft:oak_log":25,"minecraft:dirt":12,"luminousworld:grassvariant_3":3,"untamedwilds:flora_canola":1,"botania:magenta_double_flower":1,"luminousworld:savannah_grass_4":2,"minecraft:oak_leaves":5,"minecraft:deepslate":2,"create:zinc_ore":1,"minecraft:tuff":3,"iceandfire:silver_ore":1,"minecraft:mossy_cobblestone":1,"luminousworld:grassvariant_4":1,"iceandfire:pixie_house_birch":2,"gravestone:gravestone":13,"botania:cyan_double_flower":6,"minecraft:redstone_wire":1,"luminousworld:grassvariant_2":6,"minecraft:spruce_leaves":1,"mna:vinteum_ore":27,"minecraft:moss_block":1,"luminousworld:groundpebbles_3":1,"minecraft:hay_block":6,"botania:magenta_mystical_flower":3,"minecraft:furnace":9,"mna:aum":1,"minecraft:gold_block":50,"mna:manaweaving_altar":1,"minecraft:bookshelf":22,"destroy:nickel_ore":2,"minecraft:vine":2,"iceandfire:myrmex_resin_sticky_jungle":1,"luminousworld:groundpebbles_2":1,"botania:light_blue_double_flower":1,"minecraft:stone":35,"minecraft:redstone_wall_torch":1,"minecraft:smithing_table":1,"botania:lime_mystical_flower":3,"minecraft:redstone_block":4,"orcz:orcskull":2,"minecraft:dandelion":1,"minecraft:crafting_table":8,"untamedwilds:flora_bush_temperate":2,"minecraft:campfire":12,"minecraft:lectern":1,"luminousworld:grassflowers":1,"minecraft:tall_grass":7,"minecraft:deepslate_coal_ore":3,"minecraft:lapis_ore":4,"minecraft:polished_blackstone_brick_stairs":2,"luminousworld:whiteoaklog":1,"farmersdelight:wild_beetroots":1,"botania:cyan_mystical_flower":27,"untamedwilds:block_burrow":15,"mna:runeforge":3,"minecraft:redstone_torch":1,"iceandfire:myrmex_jungle_biolight":7,"minecraft:birch_leaves":4,"botania:yellow_mystical_flower":6,"minecraft:coal_ore":129,"untamedwilds:flora_titan_arum":2,"mna:decoration/chimerite_arcane_stone_quad":1,"minecraft:cherry_leaves":3,"minecraft:dripstone_block":1,"botania:gray_mystical_flower":2,"minecraft:cracked_stone_bricks":3,"minecraft:polished_blackstone":1,"minecraft:stone_bricks":5,"minecraft:fern":3},"minecraft:custom":{"minecraft:interact_with_crafting_table":27,"minecraft:open_barrel":9,"minecraft:leave_game":5,"minecraft:time_since_death":6480,"minecraft:sprint_one_cm":712008,"minecraft:drop":306,"minecraft:play_time":232441,"minecraft:deaths":14,"minecraft:jump":3717,"minecraft:walk_on_water_one_cm":31550,"minecraft:interact_with_furnace":33,"minecraft:sleep_in_bed":6,"minecraft:damage_dealt":12511,"minecraft:crouch_one_cm":17609,"minecraft:inspect_dispenser":5,"minecraft:mob_kills":64,"minecraft:damage_dealt_resisted":304,"minecraft:climb_one_cm":32671,"minecraft:walk_one_cm":771686,"minecraft:sneak_time":5901,"minecraft:walk_under_water_one_cm":27207,"minecraft:interact_with_blast_furnace":2,"minecraft:total_world_time":232441,"minecraft:time_since_rest":6510,"minecraft:damage_taken":7922,"minecraft:trigger_trapped_chest":2,"minecraft:swim_one_cm":35500,"minecraft:fly_one_cm":621865,"minecraft:open_chest":101,"minecraft:fall_one_cm":116841},"minecraft:killed":{"untamedwilds:wildebeest":1,"minecraft:spider":7,"minecraft:skeleton":4,"minecraft:chicken":1,"irons_spellbooks:summoned_skeleton":1,"minecraft:pig":3,"untamedwilds:boar":1,"untamedwilds:tarantula":1,"minecraft:creeper":5,"minecraft:zombie":13,"untamedwilds:bison":1,"untamedwilds:snake":2,"luminousworld:dark_oak_zombie":1,"orcz:orcsavage_2sword":1,"orcz:snot":1,"orcz:orcshield":1,"minecraft:cow":6,"irons_spellbooks:summoned_zombie":1,"alexsmobs:raccoon":1,"alexsmobs:bison":1,"orcz:orcsavagemace":1,"mna:barkling":1,"mna:living_ward":1,"untamedwilds:terror_bird":1,"untamedwilds:big_cat":1,"iceandfire:myrmex_soldier":3,"iceandfire:ghost":1},"minecraft:broken":{"minecraft:leather_helmet":1,"orcz:orcteeth_tool_sword":1},"minecraft:dropped":{"minecraft:porkchop":2,"minecraft:lapis_lazuli":39,"minecraft:oak_log":30,"minecraft:glass_bottle":4,"minecraft:diamond":5,"minecraft:crafting_table":5,"botania:black_mystical_flower":5,"mna:vinteum_dust":37,"minecraft:leather":15,"minecraft:mossy_stone_brick_stairs":2,"iceandfire:ectoplasm":12,"minecraft:cracked_stone_bricks":1,"minecraft:leather_helmet":3,"minecraft:item_frame":2,"minecraft:emerald":3,"minecraft:gold_block":49,"minecraft:dirt":36,"minecraft:red_bed":4,"orcz:bone_1":2,"minecraft:mutton":23,"botania:green_mystical_flower":8,"irons_spellbooks:arcane_essence":3,"minecraft:jungle_sapling":2,"gravestone:obituary":23,"minecraft:gold_nugget":524,"iceandfire:myrmex_resin_jungle":1,"alexsmobs:raccoon_tail":1,"mna:torn_journal_page":10,"minecraft:white_wool":25,"mna:sachet_water":3,"iceandfire:myrmex_jungle_chitin":8,"minecraft:bone":14,"minecraft:sugar_cane":22,"alexsmobs:animal_dictionary":1,"minecraft:wheat":54,"botania:purple_mystical_flower":11,"minecraft:oak_planks":2,"iceandfire:pixie_house_spruce":2,"mna:pedestal":2,"mna:runeforge":1,"mna:wand_amethyst":1,"botania:cyan_double_flower":7,"iceandfire:myrmex_resin_sticky_jungle":1,"patchouli:guide_book":1,"minecraft:leather_chestplate":1,"minecraft:gunpowder":14,"minecraft:charcoal":24,"minecraft:beetroot_seeds":1,"iceandfire:bestiary":1,"botania:blue_mystical_flower":8,"minecraft:arrow":6,"minecraft:beef":20,"untamedwilds:flora_water_hyacinth_item":3,"minecraft:stone_brick_stairs":2,"botania:light_gray_mystical_flower":2,"iceandfire:manuscript":55,"minecraft:lectern":1,"luminousworld:beastiary":1,"minecraft:iron_ingot":29,"minecraft:enchanted_book":2,"minecraft:bread":40,"untamedwilds:flora_common_reed":1,"botania:yellow_mystical_flower":6,"minecraft:wheat_seeds":7,"mna:staff_prismarinecrystal":3,"minecraft:tnt":305,"minecraft:mossy_cobblestone":8,"botania:orange_mystical_flower":7,"minecraft:iron_helmet":1,"minecraft:feather":2,"minecraft:cobblestone":33,"minecraft:book":72,"luminousworld:creepberries":1,"minecraft:apple":1,"minecraft:granite":1,"minecraft:coal":144,"minecraft:stick":13,"botania:light_blue_mystical_flower":13,"minecraft:cobweb":13,"minecraft:brewing_stand":2,"farmersdelight:cooking_pot":1,"mna:brazier":11,"minecraft:melon_slice":4,"mna:staff_gold":1,"minecraft:potion":1,"minecraft:iron_leggings":2,"mekanism:raw_osmium":20,"minecraft:pumpkin":3,"minecraft:pink_petals":1,"minecraft:raw_iron_block":1,"iceandfire:pixie_house_birch":2,"minecraft:string":6,"mna:rune_marking":1,"mna:raw_vinteum":20,"mna:runescribing_table":1,"minecraft:bucket":5,"botania:light_blue_double_flower":1,"create:raw_zinc":2,"minecraft:redstone":4,"minecraft:redstone_block":2,"mna:guide_book":2,"minecraft:pink_tulip":2,"destroy:raw_nickel":2,"minecraft:furnace":4,"alexsmobs:maggot":2,"minecraft:coarse_dirt":8,"minecraft:raw_iron":83,"farmersdelight:cabbage_seeds":6,"minecraft:chicken":3,"iceandfire:myrmex_stinger":2,"minecraft:iron_boots":3,"alexsmobs:ancient_dart":3,"sophisticatedbackpacks:backpack":2,"minecraft:name_tag":2,"iceandfire:myrmex_jungle_resin":1,"orcz:ironscrap":1,"minecraft:shears":1,"minecraft:lily_of_the_valley":2,"mna:decoration/chimerite_arcane_stone_quad":1,"minecraft:potato":8,"minecraft:shield":1,"botania:lexicon":1,"botania:cyan_mystical_flower":30,"botania:green_double_flower":1,"orcz:orcteeth":4,"mna:aum":2,"minecraft:spruce_planks":3,"minecraft:bundle":1,"luminousworld:groundpebbles_1":2,"iceandfire:lectern":1,"sophisticatedbackpacks:copper_backpack":1,"minecraft:bow":1,"minecraft:stone_pickaxe":3,"minecraft:wooden_pickaxe":1,"botania:lime_mystical_flower":3,"mna:manaweaving_altar":1,"untamedwilds:flora_elephant_ear":1},"minecraft:used":{"minecraft:moss_block":1,"minecraft:cherry_sapling":1,"minecraft:polished_blackstone":2,"minecraft:black_carpet":1,"minecraft:iron_sword":70,"minecraft:stone":1,"untamedwilds:spawn_tortoise":12,"minecraft:rotten_flesh":2,"minecraft:iron_chestplate":1,"luminousworld:decorative_brown_2":1,"minecraft:tuff":4,"minecraft:lantern":4,"minecraft:iron_helmet":1,"minecraft:item_frame":8,"untamedwilds:flora_titan_arum_corm":1,"minecraft:stone_bricks":3,"minecraft:oak_sapling":1,"minecraft:furnace":3,"minecraft:skeleton_skull":2,"luminousworld:clovers_1":1,"orcz:orcskull":4,"minecraft:chiseled_polished_blackstone":17,"minecraft:oak_planks":1,"minecraft:stone_pickaxe":48,"minecraft:wooden_pickaxe":3,"minecraft:redstone_block":1,"luminousworld:groundpebbles_1":2,"minecraft:white_wool":2,"minecraft:glow_berries":70,"minecraft:dripstone_block":1,"mna:runeforge":2,"minecraft:redstone_torch":2,"luminousworld:creepberries":1,"mna:cerublossom":2,"orcz:orcteeth_tool_sword":134,"minecraft:melon_slice":68,"minecraft:bread":11,"minecraft:string":1,"create:asurine":1,"iceandfire:myrmex_resin_jungle":6,"minecraft:birch_log":1,"minecraft:oak_fence":1,"minecraft:experience_bottle":1,"minecraft:iron_bars":1,"minecraft:acacia_log":1,"luminousworld:whiteoaklog":1,"luminousworld:tall_deadbush":1,"minecraft:torch":10,"minecraft:dirt":51,"luminousworld:grassflowers":1,"untamedwilds:flora_canola":1,"mna:brazier":1,"minecraft:wooden_axe":35,"minecraft:iron_axe":49,"minecraft:polished_blackstone_brick_stairs":2,"minecraft:iron_boots":6,"minecraft:pointed_dripstone":2,"minecraft:cooked_beef":3,"minecraft:cobbled_deepslate":1,"minecraft:iron_leggings":2,"minecraft:wheat_seeds":154,"minecraft:baked_potato":5,"orcz:orcteeth_tool_pickaxe":194,"minecraft:cherry_planks":4,"untamedwilds:flora_common_reed":3,"minecraft:cracked_stone_bricks":2,"minecraft:polished_blackstone_bricks":7,"minecraft:mossy_cobblestone":1,"minecraft:crafting_table":6,"minecraft:red_bed":2,"mna:aum":1,"orcz:orcamanita":1,"minecraft:cracked_polished_blackstone_bricks":1,"minecraft:iron_pickaxe":460,"minecraft:leather_helmet":2,"minecraft:stone_axe":24,"minecraft:pink_petals":71,"minecraft:potion":2,"minecraft:cobblestone":13,"minecraft:cooked_porkchop":9,"untamedwilds:flora_bush_temperate":2,"minecraft:sea_pickle":1,"minecraft:dandelion":1},"minecraft:killed_by":{"alexsmobs:leafcutter_ant":1,"iceandfire:myrmex_queen":1,"minecraft:zombie":1,"alexsmobs:grizzly_bear":1,"irons_spellbooks:summoned_skeleton":1,"alexsmobs:tiger":2,"irons_spellbooks:necromancer":1,"minecraft:skeleton":2,"iceandfire:myrmex_sentinel":1},"minecraft:crafted":{"minecraft:oak_planks":36,"minecraft:iron_boots":2,"minecraft:chest":2,"sophisticatedbackpacks:backpack":2,"minecraft:cooked_porkchop":9,"minecraft:crafting_table":1,"minecraft:wooden_pickaxe":1,"minecraft:iron_helmet":2,"minecraft:stick":17,"minecraft:iron_ingot":43,"mna:vinteum_dust":1,"minecraft:cherry_planks":4,"minecraft:raw_iron":90,"orcz:orcteeth_tool_sword":1,"minecraft:iron_axe":1,"minecraft:stone_pickaxe":1,"orcz:orcteeth_tool_pickaxe":1,"minecraft:wheat":54,"minecraft:cooked_beef":8,"minecraft:iron_sword":1,"minecraft:bread":36,"minecraft:air":0,"iceandfire:bestiary":1,"minecraft:wooden_axe":1,"minecraft:iron_leggings":1},"minecraft:picked_up":{"minecraft:iron_chestplate":1,"minecraft:wheat":110,"minecraft:black_carpet":1,"minecraft:redstone_block":3,"minecraft:smithing_table":1,"minecraft:wither_rose":1,"minecraft:potion":3,"iceandfire:myrmex_jungle_chitin":8,"minecraft:stone_brick_stairs":2,"minecraft:brewing_stand":2,"botania:light_blue_double_flower":1,"iceandfire:manuscript":23,"minecraft:polished_blackstone_brick_stairs":2,"minecraft:string":10,"alexsmobs:ancient_dart":2,"minecraft:iron_leggings":2,"minecraft:sea_pickle":1,"minecraft:gold_nugget":638,"minecraft:cobbled_deepslate":1,"minecraft:spruce_planks":3,"minecraft:redstone_torch":2,"alexsmobs:raccoon_tail":1,"minecraft:melon_slice":149,"farmersdelight:cabbage_seeds":6,"minecraft:iron_boots":3,"minecraft:furnace":7,"minecraft:stick":8,"orcz:orcskull":3,"botania:cyan_double_flower":8,"mna:brazier":12,"untamedwilds:flora_common_reed":6,"minecraft:oak_fence":1,"minecraft:torch":1,"botania:yellow_mystical_flower":6,"minecraft:acacia_log":1,"iceandfire:myrmex_resin_sticky_jungle":1,"minecraft:porkchop":11,"minecraft:cherry_log":1,"minecraft:pointed_dripstone":2,"destroy:raw_nickel":2,"minecraft:cauldron":1,"luminousworld:grassflowers":1,"minecraft:rotten_flesh":27,"mna:pedestal":2,"botania:light_gray_mystical_flower":2,"mna:decoration/chimerite_arcane_stone_quad":1,"minecraft:iron_block":3,"create:asurine":1,"luminousworld:tall_deadbush":1,"minecraft:iron_bars":1,"minecraft:cobblestone":49,"minecraft:birch_log":1,"minecraft:pink_petals":72,"minecraft:leather_chestplate":1,"minecraft:feather":4,"orcz:orcteeth":9,"untamedwilds:flora_elephant_ear":1,"mna:rune_marking":1,"mna:sachet_water":4,"minecraft:potato":4,"minecraft:tuff":4,"create:raw_zinc":2,"minecraft:lapis_lazuli":27,"minecraft:dirt":91,"minecraft:lantern":4,"minecraft:bone":17,"botania:cyan_mystical_flower":35,"iceandfire:myrmex_jungle_resin":1,"minecraft:bow":2,"minecraft:wheat_seeds":310,"orcz:orcteeth_tool_sword":1,"botania:purple_mystical_flower":11,"botania:gray_mystical_flower":2,"minecraft:moss_block":1,"mna:cerublossom":2,"minecraft:oak_planks":1,"minecraft:mossy_stone_brick_stairs":2,"mna:staff_prismarinecrystal":1,"minecraft:chiseled_polished_blackstone":17,"minecraft:cooked_porkchop":9,"patchouli:guide_book":2,"luminousworld:creepberries":2,"iceandfire:pixie_house_birch":2,"mna:runescribing_table":1,"minecraft:lily_of_the_valley":2,"iceandfire:myrmex_stinger":2,"alexsmobs:animal_dictionary":1,"minecraft:mossy_cobblestone":9,"mna:manaweaving_altar":1,"iceandfire:lectern":1,"minecraft:cracked_polished_blackstone_bricks":1,"minecraft:granite":1,"minecraft:bread":4,"alexsmobs:maggot":2,"minecraft:oak_sapling":1,"untamedwilds:flora_titan_arum_corm":1,"iceandfire:raw_silver":1,"luminousworld:groundpebbles_1":4,"minecraft:charcoal":24,"minecraft:coarse_dirt":8,"minecraft:crafting_table":12,"luminousworld:decorative_brown_2":1,"minecraft:chicken":4,"untamedwilds:flora_canola":1,"minecraft:gold_block":49,"gravestone:obituary":9,"minecraft:shield":1,"minecraft:red_bed":9,"minecraft:item_frame":9,"botania:magenta_mystical_flower":3,"minecraft:cracked_stone_bricks":2,"untamedwilds:flora_water_hyacinth_item":5,"minecraft:beef":24,"minecraft:jungle_sapling":2,"minecraft:lectern":1,"minecraft:sugar_cane":22,"minecraft:raw_iron":58,"untamedwilds:flora_bush_temperate":2,"minecraft:polished_blackstone_bricks":7,"minecraft:redstone":4,"minecraft:tnt":305,"minecraft:arrow":7,"minecraft:diamond_chestplate":1,"botania:lime_mystical_flower":3,"minecraft:beetroot_seeds":1,"botania:magenta_double_flower":1,"botania:blue_mystical_flower":8,"minecraft:shears":1,"minecraft:hay_block":6,"minecraft:pink_tulip":2,"sophisticatedbackpacks:copper_backpack":1,"minecraft:polished_blackstone":2,"mna:vinteum_dust":20,"botania:green_mystical_flower":13,"minecraft:skeleton_skull":2,"minecraft:white_wool":23,"mna:torn_journal_page":2,"minecraft:leather":27,"mna:runeforge":3,"botania:green_double_flower":1,"minecraft:oak_log":39,"iceandfire:ectoplasm":6,"minecraft:gunpowder":11,"iceandfire:myrmex_resin_jungle":7,"botania:light_blue_mystical_flower":17,"botania:black_mystical_flower":5,"untamedwilds:spawn_tortoise":15,"minecraft:apple":1,"minecraft:stone_bricks":3,"minecraft:iron_ingot":4,"minecraft:stone_pickaxe":3,"minecraft:cobweb":7,"minecraft:glass_bottle":2,"minecraft:book":71,"luminousworld:clovers_1":1,"minecraft:pumpkin":6,"mna:raw_vinteum":29,"minecraft:dandelion":1,"minecraft:raw_iron_block":11,"minecraft:dripstone_block":1,"orcz:orcamanita":1,"mekanism:raw_osmium":20,"mna:aum":3,"minecraft:leather_helmet":2,"luminousworld:whiteoaklog":1,"untamedwilds:hide_gray":3,"iceandfire:pixie_house_spruce":2,"botania:orange_mystical_flower":7,"minecraft:cherry_sapling":1,"minecraft:baked_potato":5,"minecraft:damaged_anvil":1,"minecraft:coal":236,"orcz:orcteeth_tool_pickaxe":1}},"DataVersion":3465}