{"stats":{"minecraft:mined":{"minecraft:tall_grass":1,"minecraft:grass":3,"minecraft:grass_block":1},"minecraft:custom":{"minecraft:jump":74,"minecraft:time_since_rest":5682,"minecraft:damage_dealt":9,"minecraft:sprint_one_cm":8365,"minecraft:play_time":5682,"minecraft:damage_taken":90,"minecraft:time_since_death":5682,"minecraft:walk_one_cm":5378,"minecraft:total_world_time":5682,"minecraft:drop":1,"minecraft:fall_one_cm":418,"minecraft:fly_one_cm":76324},"minecraft:used":{"minecraft:water_bucket":4,"minecraft:cornflower":7},"minecraft:dropped":{"minecraft:diamond":1},"minecraft:picked_up":{"minecraft:dirt":1}},"DataVersion":3465}