{"stats":{"minecraft:killed":{"untamedwilds:wildebeest":2,"iceandfire:amphithere":1,"alexsmobs:elephant":1,"alexsmobs:kangaroo":1,"alexsmobs:emu":1},"minecraft:used":{"simplyswords:diamond_katana":34,"minecraft:lantern":1,"minecraft:acacia_planks":2},"minecraft:picked_up":{"iceandfire:amphithere_feather":1,"alexsmobs:kangaroo_hide":1,"minecraft:feather":1,"minecraft:bone":3,"untamedwilds:material_fat":1,"minecraft:leather":2,"minecraft:acacia_log":1,"minecraft:beef":1,"alexsmobs:kangaroo_meat":1,"minecraft:lantern":1},"minecraft:crafted":{"minecraft:acacia_planks":4},"minecraft:custom":{"minecraft:time_since_rest":8467,"minecraft:crouch_one_cm":167,"minecraft:sprint_one_cm":26769,"minecraft:play_time":8467,"minecraft:damage_taken":50,"minecraft:walk_one_cm":13518,"minecraft:sneak_time":33,"minecraft:walk_under_water_one_cm":276,"minecraft:mob_kills":6,"minecraft:jump":157,"minecraft:damage_dealt":2231,"minecraft:leave_game":2,"minecraft:walk_on_water_one_cm":2762,"minecraft:time_since_death":8467,"minecraft:total_world_time":8467,"minecraft:swim_one_cm":930,"minecraft:fall_one_cm":3859,"minecraft:fly_one_cm":129969},"minecraft:mined":{"minecraft:hay_block":1,"minecraft:grass":10,"minecraft:acacia_log":1,"minecraft:birch_leaves":1}},"DataVersion":3465}