{"stats":{"minecraft:custom":{"minecraft:open_chest":1,"minecraft:time_since_rest":4451,"minecraft:crouch_one_cm":10,"minecraft:play_time":4451,"minecraft:sprint_one_cm":18990,"minecraft:damage_taken":60,"minecraft:walk_one_cm":7213,"minecraft:sneak_time":10,"minecraft:walk_under_water_one_cm":1494,"minecraft:mob_kills":1,"minecraft:drop":2,"minecraft:jump":117,"minecraft:damage_dealt":110,"minecraft:leave_game":1,"minecraft:time_since_death":4451,"minecraft:walk_on_water_one_cm":2370,"minecraft:total_world_time":4451,"minecraft:swim_one_cm":10116,"minecraft:fall_one_cm":3654,"minecraft:fly_one_cm":67510},"minecraft:dropped":{"minecraft:kelp":2},"minecraft:picked_up":{"minecraft:kelp":2,"minecraft:brown_mushroom":2},"minecraft:killed":{"alexsmobs:seal":1},"minecraft:mined":{"luminousworld:grassvariant_2":1,"luminousworld:birchtreemushrooms":1,"minecraft:kelp_plant":1,"mna:wakebloom":1}},"DataVersion":3465}