{"stats":{"minecraft:picked_up":{"minecraft:item_frame":2,"minecraft:cooked_porkchop":2,"untamedwilds:flora_amazon_sword":1,"minecraft:wheat_seeds":3,"minecraft:hay_block":1,"minecraft:mangrove_roots":3,"minecraft:dirt":1,"minecraft:moss_carpet":2},"minecraft:used":{"minecraft:item_frame":2,"minecraft:moss_carpet":1,"minecraft:dirt":1,"minecraft:hay_block":1,"minecraft:mangrove_roots":2,"minecraft:cooked_porkchop":2},"minecraft:custom":{"minecraft:time_since_rest":2919,"minecraft:play_time":2919,"minecraft:crouch_one_cm":44,"minecraft:sprint_one_cm":25319,"minecraft:damage_taken":250,"minecraft:walk_one_cm":13253,"minecraft:sneak_time":35,"minecraft:jump":92,"minecraft:leave_game":1,"minecraft:time_since_death":2919,"minecraft:walk_on_water_one_cm":1744,"minecraft:total_world_time":2919,"minecraft:fall_one_cm":3283,"minecraft:fly_one_cm":21048},"minecraft:mined":{"minecraft:hay_block":1,"minecraft:grass":21,"minecraft:grass_block":1,"untamedwilds:flora_amazon_sword":1,"minecraft:mangrove_roots":3}},"DataVersion":3465}