{"stats":{"minecraft:picked_up":{"minecraft:coarse_dirt":1,"untamedwilds:flora_common_reed":3},"minecraft:mined":{"untamedwilds:flora_common_reed":1,"luminousworld:mossbuds_2":1,"minecraft:coarse_dirt":1,"luminousworld:mossbuds_3":1,"minecraft:fern":1},"minecraft:custom":{"minecraft:time_since_rest":1843,"minecraft:leave_game":2,"minecraft:play_time":1843,"minecraft:sprint_one_cm":4098,"minecraft:time_since_death":1843,"minecraft:walk_on_water_one_cm":223,"minecraft:walk_one_cm":3958,"minecraft:walk_under_water_one_cm":847,"minecraft:total_world_time":1843,"minecraft:swim_one_cm":1118,"minecraft:fly_one_cm":4318,"minecraft:fall_one_cm":476,"minecraft:jump":26}},"DataVersion":3465}