{"stats":{"minecraft:dropped":{"minecraft:bread":38,"minecraft:enchanted_book":2,"minecraft:iron_ingot":8,"untamedwilds:flora_common_reed":1,"botania:yellow_mystical_flower":3,"minecraft:porkchop":2,"minecraft:lapis_lazuli":12,"minecraft:oak_log":17,"minecraft:diamond":3,"anthropology_items__structures:hunters_machete":1,"mna:vinteum_dust":12,"botania:orange_mystical_flower":5,"minecraft:feather":2,"minecraft:book":6,"minecraft:leather":5,"minecraft:leather_helmet":1,"minecraft:coal":6,"botania:light_blue_mystical_flower":13,"minecraft:emerald":3,"minecraft:stick":5,"minecraft:dirt":2,"minecraft:red_bed":2,"minecraft:brewing_stand":1,"orcz:bone_1":2,"minecraft:iron_leggings":1,"minecraft:string":5,"create:raw_zinc":1,"mna:sachet_water":3,"botania:light_blue_double_flower":1,"destroy:raw_nickel":1,"minecraft:bone":12,"minecraft:sugar_cane":16,"alexsmobs:animal_dictionary":1,"minecraft:chicken":3,"botania:purple_mystical_flower":3,"minecraft:oak_planks":2,"minecraft:iron_boots":2,"alexsmobs:ancient_dart":1,"sophisticatedbackpacks:backpack":2,"minecraft:name_tag":2,"orcz:ironscrap":1,"patchouli:guide_book":1,"mna:decoration/chimerite_arcane_stone_quad":1,"minecraft:potato":8,"minecraft:gunpowder":3,"botania:lexicon":1,"orcz:orcteeth":4,"minecraft:wooden_pickaxe":1,"minecraft:stone_pickaxe":1,"minecraft:beef":4,"botania:light_gray_mystical_flower":2,"iceandfire:manuscript":5,"luminousworld:beastiary":1},"minecraft:crafted":{"minecraft:oak_planks":32,"orcz:orcteeth_tool_sword":1,"minecraft:iron_boots":2,"minecraft:stone_pickaxe":1,"orcz:orcteeth_tool_pickaxe":1,"minecraft:chest":2,"minecraft:cooked_beef":8,"sophisticatedbackpacks:backpack":2,"minecraft:cooked_porkchop":9,"minecraft:crafting_table":1,"minecraft:wooden_pickaxe":1,"minecraft:bread":36,"minecraft:air":0,"minecraft:stick":9,"minecraft:iron_ingot":10,"minecraft:wooden_axe":1,"minecraft:iron_leggings":1,"mna:vinteum_dust":1},"minecraft:killed":{"untamedwilds:wildebeest":1,"minecraft:spider":2,"minecraft:chicken":1,"orcz:orcsavagemace":1,"mna:barkling":1,"minecraft:pig":3,"untamedwilds:terror_bird":1,"untamedwilds:tarantula":1,"untamedwilds:boar":1,"minecraft:creeper":1,"minecraft:zombie":3,"iceandfire:ghost":1,"orcz:orcsavage_2sword":1,"orcz:snot":1,"orcz:orcshield":1,"minecraft:cow":6},"minecraft:picked_up":{"luminousworld:groundpebbles_1":1,"minecraft:crafting_table":6,"minecraft:iron_chestplate":1,"minecraft:wheat":110,"minecraft:chicken":4,"minecraft:brewing_stand":1,"botania:light_blue_double_flower":1,"minecraft:string":5,"minecraft:red_bed":7,"minecraft:sea_pickle":1,"minecraft:gold_nugget":114,"minecraft:cobbled_deepslate":1,"untamedwilds:flora_water_hyacinth_item":2,"minecraft:beef":16,"minecraft:melon_slice":74,"minecraft:sugar_cane":16,"minecraft:iron_boots":1,"minecraft:furnace":2,"minecraft:stick":5,"minecraft:raw_iron":1,"orcz:orcskull":3,"botania:cyan_double_flower":1,"untamedwilds:flora_common_reed":6,"botania:yellow_mystical_flower":3,"minecraft:acacia_log":1,"untamedwilds:flora_bush_temperate":2,"minecraft:porkchop":11,"destroy:raw_nickel":1,"luminousworld:grassflowers":1,"minecraft:rotten_flesh":2,"botania:light_gray_mystical_flower":2,"mna:decoration/chimerite_arcane_stone_quad":1,"luminousworld:tall_deadbush":1,"mna:vinteum_dust":11,"botania:green_mystical_flower":5,"minecraft:white_wool":1,"minecraft:cobblestone":3,"minecraft:birch_log":1,"minecraft:feather":4,"orcz:orcteeth":9,"mna:sachet_water":4,"minecraft:leather":19,"minecraft:potato":4,"create:raw_zinc":1,"minecraft:oak_log":25,"minecraft:dirt":2,"minecraft:lantern":1,"botania:light_blue_mystical_flower":13,"untamedwilds:spawn_tortoise":13,"minecraft:bone":6,"botania:cyan_mystical_flower":5,"minecraft:stone_bricks":1,"minecraft:wheat_seeds":301,"botania:purple_mystical_flower":3,"minecraft:iron_ingot":1,"minecraft:stone_pickaxe":1,"mna:cerublossom":2,"minecraft:book":5,"minecraft:pumpkin":3,"mna:raw_vinteum":9,"minecraft:dandelion":1,"minecraft:dripstone_block":1,"orcz:orcamanita":1,"mna:aum":1,"minecraft:mossy_cobblestone":1,"luminousworld:whiteoaklog":1,"botania:orange_mystical_flower":5,"minecraft:baked_potato":5,"minecraft:oak_sapling":1,"untamedwilds:flora_titan_arum_corm":1,"minecraft:coal":35},"minecraft:custom":{"minecraft:mob_kills":26,"minecraft:interact_with_crafting_table":15,"minecraft:open_barrel":6,"minecraft:damage_dealt_resisted":304,"minecraft:leave_game":2,"minecraft:time_since_death":84828,"minecraft:climb_one_cm":1559,"minecraft:walk_one_cm":262064,"minecraft:sprint_one_cm":239713,"minecraft:drop":71,"minecraft:play_time":84828,"minecraft:sneak_time":1614,"minecraft:walk_under_water_one_cm":6260,"minecraft:jump":1156,"minecraft:walk_on_water_one_cm":7221,"minecraft:total_world_time":84828,"minecraft:interact_with_furnace":25,"minecraft:sleep_in_bed":6,"minecraft:time_since_rest":6578,"minecraft:damage_taken":731,"minecraft:trigger_trapped_chest":1,"minecraft:damage_dealt":4475,"minecraft:swim_one_cm":10682,"minecraft:fly_one_cm":232128,"minecraft:open_chest":63,"minecraft:crouch_one_cm":3952,"minecraft:fall_one_cm":35340},"minecraft:used":{"minecraft:acacia_log":1,"luminousworld:whiteoaklog":1,"luminousworld:tall_deadbush":1,"untamedwilds:spawn_tortoise":12,"minecraft:rotten_flesh":2,"minecraft:iron_chestplate":1,"minecraft:torch":1,"luminousworld:grassflowers":1,"minecraft:wooden_axe":35,"minecraft:iron_boots":1,"untamedwilds:flora_titan_arum_corm":1,"minecraft:stone_bricks":1,"minecraft:oak_sapling":1,"minecraft:furnace":2,"minecraft:cooked_beef":3,"minecraft:cobbled_deepslate":1,"orcz:orcskull":4,"minecraft:wheat_seeds":154,"minecraft:stone_pickaxe":48,"minecraft:baked_potato":5,"orcz:orcteeth_tool_pickaxe":20,"minecraft:wooden_pickaxe":3,"luminousworld:groundpebbles_1":1,"untamedwilds:flora_common_reed":3,"minecraft:mossy_cobblestone":1,"minecraft:glow_berries":19,"anthropology_items__structures:hunters_machete":27,"minecraft:crafting_table":5,"minecraft:red_bed":2,"mna:aum":1,"minecraft:dripstone_block":1,"orcz:orcamanita":1,"orcz:orcteeth_tool_sword":53,"mna:cerublossom":2,"minecraft:melon_slice":1,"minecraft:bread":9,"minecraft:leather_helmet":1,"minecraft:stone_axe":24,"untamedwilds:flora_bush_temperate":2,"minecraft:birch_log":1,"minecraft:dandelion":1},"minecraft:mined":{"create:zinc_ore":1,"iceandfire:graveyard_soil":1,"minecraft:mossy_cobblestone":1,"luminousworld:grassvariant_4":1,"minecraft:acacia_log":1,"minecraft:grass_block":5,"botania:cyan_double_flower":1,"luminousworld:grassvariant_2":2,"mna:vinteum_ore":8,"botania:light_gray_mystical_flower":2,"luminousworld:groundpebbles_3":1,"botania:purple_mystical_flower":3,"minecraft:furnace":4,"minecraft:iron_ore":2,"mna:aum":1,"minecraft:pumpkin":3,"iceandfire:gold_pile":15,"destroy:nickel_ore":1,"botania:light_blue_double_flower":1,"minecraft:stone":6,"botania:light_blue_mystical_flower":13,"botania:green_mystical_flower":5,"untamedwilds:flora_water_hyacinth":4,"botania:orange_mystical_flower":5,"minecraft:red_bed":7,"orcz:orcskull":2,"minecraft:dandelion":1,"minecraft:crafting_table":5,"untamedwilds:flora_bush_temperate":2,"untamedwilds:flora_common_reed":4,"minecraft:melon":14,"mna:cerublossom":2,"luminousworld:grassflowers":1,"minecraft:tall_grass":5,"minecraft:deepslate_coal_ore":1,"minecraft:sugar_cane":7,"luminousworld:whiteoaklog":1,"botania:cyan_mystical_flower":6,"untamedwilds:block_burrow":7,"minecraft:wheat":111,"minecraft:grass":20,"minecraft:oak_log":25,"minecraft:coal_ore":20,"botania:yellow_mystical_flower":3,"untamedwilds:flora_titan_arum":2,"mna:decoration/chimerite_arcane_stone_quad":1,"minecraft:dripstone_block":1,"minecraft:dirt":1,"luminousworld:grassvariant_3":2,"minecraft:stone_bricks":1,"luminousworld:savannah_grass_4":2,"minecraft:oak_leaves":3,"minecraft:deepslate":1,"minecraft:fern":2}},"DataVersion":3465}