{"stats":{"minecraft:killed":{"minecraft:zombie":1,"minecraft:cow":2,"mna:barkling":1},"minecraft:picked_up":{"luminousworld:groundpebbles_1":1,"minecraft:stick":5,"minecraft:crafting_table":3,"untamedwilds:flora_common_reed":3,"mna:sachet_water":4,"minecraft:leather":4,"untamedwilds:flora_bush_temperate":2,"minecraft:dripstone_block":1,"minecraft:oak_log":25,"minecraft:red_bed":2,"mna:aum":1,"minecraft:dirt":2,"luminousworld:grassflowers":1,"minecraft:cobbled_deepslate":1,"minecraft:beef":4,"minecraft:baked_potato":5,"minecraft:sugar_cane":4,"mna:cerublossom":2,"minecraft:oak_sapling":1,"botania:green_mystical_flower":5,"minecraft:coal":21,"minecraft:cobblestone":3},"minecraft:crafted":{"minecraft:oak_planks":20,"minecraft:crafting_table":1,"minecraft:stick":4,"minecraft:wooden_axe":1,"minecraft:wooden_pickaxe":1,"minecraft:stone_pickaxe":1},"minecraft:mined":{"botania:green_mystical_flower":5,"minecraft:red_bed":2,"minecraft:iron_ore":2,"mna:aum":1,"minecraft:crafting_table":2,"untamedwilds:flora_common_reed":1,"untamedwilds:flora_bush_temperate":2,"minecraft:grass":7,"minecraft:oak_log":25,"minecraft:grass_block":2,"minecraft:coal_ore":19,"mna:cerublossom":2,"minecraft:dripstone_block":1,"luminousworld:grassvariant_2":2,"luminousworld:grassflowers":1,"minecraft:tall_grass":1,"minecraft:deepslate_coal_ore":1,"minecraft:stone":6,"minecraft:sugar_cane":2,"minecraft:oak_leaves":2,"luminousworld:groundpebbles_3":1,"minecraft:deepslate":1},"minecraft:custom":{"minecraft:time_since_rest":5011,"minecraft:sprint_one_cm":36514,"minecraft:damage_taken":185,"minecraft:walk_one_cm":65422,"minecraft:mob_kills":4,"minecraft:drop":5,"minecraft:damage_dealt":618,"minecraft:interact_with_crafting_table":3,"minecraft:fly_one_cm":34216,"minecraft:open_chest":4,"minecraft:crouch_one_cm":1391,"minecraft:play_time":17775,"minecraft:sneak_time":529,"minecraft:walk_under_water_one_cm":147,"minecraft:jump":236,"minecraft:walk_on_water_one_cm":2745,"minecraft:time_since_death":17775,"minecraft:sleep_in_bed":2,"minecraft:total_world_time":17775,"minecraft:fall_one_cm":7298},"minecraft:dropped":{"minecraft:wooden_pickaxe":1,"mna:sachet_water":3,"minecraft:stick":1},"minecraft:used":{"minecraft:wooden_axe":21,"mna:cerublossom":2,"minecraft:bread":2,"minecraft:stone_pickaxe":47,"minecraft:baked_potato":3,"minecraft:wooden_pickaxe":3,"luminousworld:groundpebbles_1":1,"minecraft:crafting_table":2,"luminousworld:grassflowers":1,"minecraft:oak_sapling":1,"untamedwilds:flora_bush_temperate":2,"mna:aum":1,"minecraft:cobbled_deepslate":1,"minecraft:dripstone_block":1}},"DataVersion":3465}