{"stats":{"minecraft:killed":{"minecraft:pig":2,"untamedwilds:boar":1,"minecraft:zombie":1,"minecraft:chicken":1,"orcz:orcsavagemace":1,"orcz:orcsavage_2sword":1,"orcz:snot":1,"mna:barkling":1,"orcz:orcshield":1,"minecraft:cow":4},"minecraft:picked_up":{"luminousworld:groundpebbles_1":1,"minecraft:iron_chestplate":1,"minecraft:crafting_table":4,"minecraft:feather":2,"orcz:orcteeth":9,"minecraft:chicken":1,"mna:sachet_water":4,"minecraft:leather":5,"minecraft:oak_log":25,"minecraft:dirt":2,"minecraft:red_bed":3,"botania:light_blue_mystical_flower":8,"untamedwilds:spawn_tortoise":7,"minecraft:bone":1,"botania:cyan_mystical_flower":5,"minecraft:cobbled_deepslate":1,"minecraft:iron_ingot":1,"minecraft:beef":8,"minecraft:stone_pickaxe":1,"mna:cerublossom":2,"minecraft:sugar_cane":16,"minecraft:iron_boots":1,"minecraft:furnace":1,"minecraft:raw_iron":1,"orcz:orcskull":3,"minecraft:stick":5,"botania:cyan_double_flower":1,"untamedwilds:flora_common_reed":6,"untamedwilds:flora_bush_temperate":2,"minecraft:dripstone_block":1,"minecraft:porkchop":9,"orcz:orcamanita":1,"mna:aum":1,"luminousworld:whiteoaklog":1,"luminousworld:grassflowers":1,"minecraft:baked_potato":5,"minecraft:oak_sapling":1,"botania:green_mystical_flower":5,"minecraft:coal":28,"minecraft:white_wool":1,"minecraft:cobblestone":3},"minecraft:custom":{"minecraft:interact_with_furnace":18,"minecraft:mob_kills":14,"minecraft:interact_with_crafting_table":12,"minecraft:damage_dealt_resisted":304,"minecraft:time_since_death":41775,"minecraft:sleep_in_bed":3,"minecraft:climb_one_cm":629,"minecraft:time_since_rest":15159,"minecraft:sprint_one_cm":107190,"minecraft:damage_taken":305,"minecraft:walk_one_cm":129418,"minecraft:drop":13,"minecraft:damage_dealt":2296,"minecraft:swim_one_cm":4042,"minecraft:fly_one_cm":94192,"minecraft:open_chest":24,"minecraft:crouch_one_cm":2206,"minecraft:play_time":41775,"minecraft:sneak_time":1054,"minecraft:walk_under_water_one_cm":4040,"minecraft:jump":561,"minecraft:walk_on_water_one_cm":4551,"minecraft:total_world_time":41775,"minecraft:fall_one_cm":17900},"minecraft:mined":{"botania:green_mystical_flower":5,"minecraft:red_bed":4,"orcz:orcskull":2,"minecraft:crafting_table":3,"untamedwilds:flora_bush_temperate":2,"untamedwilds:flora_common_reed":4,"minecraft:grass_block":2,"mna:cerublossom":2,"botania:cyan_double_flower":1,"luminousworld:grassvariant_2":2,"luminousworld:grassflowers":1,"minecraft:tall_grass":1,"minecraft:deepslate_coal_ore":1,"minecraft:sugar_cane":7,"luminousworld:groundpebbles_3":1,"luminousworld:whiteoaklog":1,"botania:cyan_mystical_flower":6,"untamedwilds:block_burrow":3,"minecraft:furnace":2,"minecraft:iron_ore":2,"mna:aum":1,"minecraft:grass":9,"minecraft:coal_ore":19,"minecraft:oak_log":25,"minecraft:dripstone_block":1,"minecraft:stone":6,"botania:light_blue_mystical_flower":8,"luminousworld:savannah_grass_4":2,"minecraft:oak_leaves":2,"minecraft:deepslate":1},"minecraft:crafted":{"minecraft:cooked_beef":8,"minecraft:oak_planks":20,"orcz:orcteeth_tool_sword":1,"minecraft:cooked_porkchop":9,"minecraft:crafting_table":1,"minecraft:wooden_pickaxe":1,"minecraft:air":0,"minecraft:iron_boots":2,"minecraft:stick":9,"minecraft:iron_ingot":10,"orcz:orcteeth_tool_pickaxe":1,"minecraft:stone_pickaxe":1,"minecraft:wooden_axe":1,"minecraft:iron_leggings":1},"minecraft:dropped":{"minecraft:iron_boots":2,"orcz:ironscrap":1,"minecraft:stick":3,"orcz:orcteeth":4,"orcz:bone_1":2,"minecraft:iron_leggings":1,"minecraft:stone_pickaxe":1,"minecraft:wooden_pickaxe":1,"mna:sachet_water":3},"minecraft:used":{"orcz:orcskull":4,"luminousworld:whiteoaklog":1,"minecraft:stone_pickaxe":48,"minecraft:baked_potato":5,"orcz:orcteeth_tool_pickaxe":3,"minecraft:wooden_pickaxe":3,"untamedwilds:spawn_tortoise":7,"luminousworld:groundpebbles_1":1,"untamedwilds:flora_common_reed":3,"minecraft:iron_chestplate":1,"minecraft:glow_berries":3,"anthropology_items__structures:hunters_machete":27,"luminousworld:grassflowers":1,"minecraft:crafting_table":3,"minecraft:red_bed":2,"mna:aum":1,"minecraft:dripstone_block":1,"orcz:orcamanita":1,"orcz:orcteeth_tool_sword":1,"minecraft:wooden_axe":34,"mna:cerublossom":2,"minecraft:bread":2,"minecraft:leather_helmet":1,"minecraft:iron_boots":1,"minecraft:furnace":1,"minecraft:oak_sapling":1,"untamedwilds:flora_bush_temperate":2,"minecraft:cooked_beef":1,"minecraft:cobbled_deepslate":1}},"DataVersion":3465}