{"stats":{"minecraft:mined":{"create:deepslate_zinc_ore":1,"iceandfire:graveyard_soil":1,"minecraft:granite":4,"minecraft:chiseled_polished_blackstone":16,"minecraft:acacia_log":1,"minecraft:grass_block":8,"botania:light_gray_mystical_flower":2,"minecraft:polished_blackstone_bricks":5,"minecraft:raw_iron_block":11,"botania:purple_mystical_flower":9,"minecraft:mossy_cobblestone_slab":1,"minecraft:iron_ore":2,"minecraft:pumpkin":3,"create:asurine":1,"minecraft:pointed_dripstone":1,"iceandfire:gold_pile":52,"minecraft:iron_bars":1,"minecraft:iron_block":3,"luminousworld:decorative_brown_2":1,"botania:light_blue_mystical_flower":13,"minecraft:tripwire":1,"luminousworld:creepbush":2,"botania:green_mystical_flower":11,"mekanism:osmium_ore":20,"untamedwilds:flora_water_hyacinth":4,"botania:orange_mystical_flower":7,"minecraft:red_bed":7,"iceandfire:myrmex_resin_jungle":1,"untamedwilds:flora_common_reed":4,"botania:green_double_flower":1,"minecraft:melon":16,"mna:cerublossom":2,"minecraft:cobblestone":1,"minecraft:sugar_cane":11,"botania:black_mystical_flower":4,"minecraft:wall_torch":2,"minecraft:skeleton_skull":2,"minecraft:wheat":111,"minecraft:tnt":303,"minecraft:wither_rose":1,"minecraft:grass":27,"minecraft:oak_log":25,"minecraft:dirt":8,"luminousworld:grassvariant_3":3,"untamedwilds:flora_canola":1,"luminousworld:savannah_grass_4":2,"minecraft:oak_leaves":4,"minecraft:deepslate":2,"create:zinc_ore":1,"minecraft:tuff":3,"minecraft:mossy_cobblestone":1,"luminousworld:grassvariant_4":1,"gravestone:gravestone":5,"botania:cyan_double_flower":4,"minecraft:redstone_wire":1,"luminousworld:grassvariant_2":4,"mna:vinteum_ore":27,"minecraft:moss_block":1,"luminousworld:groundpebbles_3":1,"minecraft:hay_block":6,"minecraft:furnace":9,"mna:aum":1,"minecraft:gold_block":34,"minecraft:vine":2,"destroy:nickel_ore":2,"iceandfire:myrmex_resin_sticky_jungle":1,"luminousworld:groundpebbles_2":1,"minecraft:redstone_wall_torch":1,"botania:light_blue_double_flower":1,"minecraft:stone":34,"botania:lime_mystical_flower":3,"orcz:orcskull":2,"minecraft:dandelion":1,"minecraft:crafting_table":6,"untamedwilds:flora_bush_temperate":2,"luminousworld:grassflowers":1,"minecraft:tall_grass":5,"minecraft:deepslate_coal_ore":3,"minecraft:lapis_ore":4,"minecraft:polished_blackstone_brick_stairs":1,"luminousworld:whiteoaklog":1,"botania:cyan_mystical_flower":21,"untamedwilds:block_burrow":11,"minecraft:redstone_torch":1,"iceandfire:myrmex_jungle_biolight":7,"minecraft:coal_ore":117,"botania:yellow_mystical_flower":6,"untamedwilds:flora_titan_arum":2,"mna:decoration/chimerite_arcane_stone_quad":1,"minecraft:dripstone_block":1,"minecraft:cracked_stone_bricks":3,"minecraft:polished_blackstone":1,"minecraft:stone_bricks":3,"minecraft:fern":3},"minecraft:custom":{"minecraft:interact_with_crafting_table":27,"minecraft:open_barrel":8,"minecraft:leave_game":4,"minecraft:time_since_death":36808,"minecraft:sprint_one_cm":463289,"minecraft:drop":228,"minecraft:play_time":161519,"minecraft:deaths":6,"minecraft:jump":2348,"minecraft:walk_on_water_one_cm":21087,"minecraft:interact_with_furnace":33,"minecraft:sleep_in_bed":6,"minecraft:damage_dealt":10349,"minecraft:crouch_one_cm":11684,"minecraft:mob_kills":54,"minecraft:damage_dealt_resisted":304,"minecraft:climb_one_cm":18144,"minecraft:walk_one_cm":505921,"minecraft:sneak_time":4109,"minecraft:walk_under_water_one_cm":11777,"minecraft:total_world_time":161519,"minecraft:time_since_rest":36841,"minecraft:damage_taken":5096,"minecraft:trigger_trapped_chest":2,"minecraft:swim_one_cm":25844,"minecraft:fly_one_cm":404288,"minecraft:open_chest":75,"minecraft:fall_one_cm":67212},"minecraft:killed":{"untamedwilds:wildebeest":1,"minecraft:spider":5,"minecraft:skeleton":3,"minecraft:chicken":1,"minecraft:pig":3,"untamedwilds:boar":1,"untamedwilds:tarantula":1,"minecraft:creeper":5,"minecraft:zombie":11,"untamedwilds:bison":1,"untamedwilds:snake":2,"luminousworld:dark_oak_zombie":1,"orcz:orcsavage_2sword":1,"orcz:snot":1,"orcz:orcshield":1,"minecraft:cow":6,"alexsmobs:raccoon":1,"alexsmobs:bison":1,"orcz:orcsavagemace":1,"mna:barkling":1,"mna:living_ward":1,"untamedwilds:terror_bird":1,"iceandfire:myrmex_soldier":3,"iceandfire:ghost":1},"minecraft:broken":{"minecraft:leather_helmet":1,"orcz:orcteeth_tool_sword":1},"minecraft:dropped":{"minecraft:porkchop":2,"minecraft:lapis_lazuli":37,"minecraft:oak_log":30,"minecraft:glass_bottle":4,"minecraft:diamond":5,"minecraft:crafting_table":3,"botania:black_mystical_flower":4,"mna:vinteum_dust":21,"minecraft:leather":13,"minecraft:mossy_stone_brick_stairs":2,"iceandfire:ectoplasm":12,"minecraft:cracked_stone_bricks":1,"minecraft:leather_helmet":3,"minecraft:emerald":3,"minecraft:dirt":36,"minecraft:red_bed":4,"orcz:bone_1":2,"botania:green_mystical_flower":8,"irons_spellbooks:arcane_essence":3,"minecraft:jungle_sapling":2,"gravestone:obituary":11,"minecraft:gold_nugget":524,"minecraft:white_wool":25,"alexsmobs:raccoon_tail":1,"iceandfire:myrmex_resin_jungle":1,"mna:sachet_water":3,"iceandfire:myrmex_jungle_chitin":8,"minecraft:bone":14,"minecraft:sugar_cane":22,"alexsmobs:animal_dictionary":1,"minecraft:wheat":54,"botania:purple_mystical_flower":9,"minecraft:oak_planks":2,"iceandfire:myrmex_resin_sticky_jungle":1,"botania:cyan_double_flower":5,"patchouli:guide_book":1,"minecraft:leather_chestplate":1,"minecraft:gunpowder":13,"iceandfire:bestiary":1,"minecraft:arrow":6,"untamedwilds:flora_water_hyacinth_item":3,"minecraft:beef":20,"minecraft:stone_brick_stairs":2,"botania:light_gray_mystical_flower":2,"iceandfire:manuscript":55,"luminousworld:beastiary":1,"minecraft:bread":40,"minecraft:enchanted_book":2,"minecraft:iron_ingot":27,"untamedwilds:flora_common_reed":1,"botania:yellow_mystical_flower":6,"minecraft:wheat_seeds":7,"minecraft:mossy_cobblestone":8,"botania:orange_mystical_flower":7,"minecraft:iron_helmet":1,"minecraft:feather":2,"minecraft:cobblestone":33,"minecraft:book":6,"luminousworld:creepberries":1,"minecraft:apple":1,"minecraft:granite":1,"minecraft:coal":119,"minecraft:stick":13,"botania:light_blue_mystical_flower":13,"minecraft:cobweb":13,"minecraft:brewing_stand":1,"farmersdelight:cooking_pot":1,"minecraft:melon_slice":4,"minecraft:potion":1,"minecraft:iron_leggings":1,"minecraft:pumpkin":3,"mekanism:raw_osmium":20,"minecraft:raw_iron_block":1,"minecraft:string":5,"mna:raw_vinteum":20,"mna:rune_marking":1,"botania:light_blue_double_flower":1,"create:raw_zinc":2,"destroy:raw_nickel":2,"minecraft:pink_tulip":2,"minecraft:furnace":2,"minecraft:coarse_dirt":8,"minecraft:raw_iron":83,"farmersdelight:cabbage_seeds":6,"minecraft:chicken":3,"iceandfire:myrmex_stinger":2,"minecraft:iron_boots":2,"alexsmobs:ancient_dart":3,"sophisticatedbackpacks:backpack":2,"minecraft:name_tag":2,"iceandfire:myrmex_jungle_resin":1,"orcz:ironscrap":1,"minecraft:shears":1,"minecraft:lily_of_the_valley":2,"mna:decoration/chimerite_arcane_stone_quad":1,"minecraft:potato":8,"minecraft:shield":1,"botania:green_double_flower":1,"botania:lexicon":1,"botania:cyan_mystical_flower":24,"orcz:orcteeth":4,"mna:aum":2,"luminousworld:groundpebbles_1":2,"iceandfire:lectern":1,"sophisticatedbackpacks:copper_backpack":1,"minecraft:stone_pickaxe":3,"minecraft:wooden_pickaxe":1,"botania:lime_mystical_flower":3,"untamedwilds:flora_elephant_ear":1},"minecraft:used":{"minecraft:moss_block":1,"minecraft:iron_sword":21,"untamedwilds:spawn_tortoise":12,"minecraft:rotten_flesh":2,"minecraft:iron_chestplate":1,"luminousworld:decorative_brown_2":1,"minecraft:tuff":4,"minecraft:lantern":1,"minecraft:iron_helmet":1,"untamedwilds:flora_titan_arum_corm":1,"minecraft:stone_bricks":1,"minecraft:furnace":3,"minecraft:oak_sapling":1,"luminousworld:clovers_1":1,"orcz:orcskull":4,"minecraft:chiseled_polished_blackstone":3,"minecraft:oak_planks":1,"minecraft:stone_pickaxe":48,"minecraft:wooden_pickaxe":3,"luminousworld:groundpebbles_1":2,"minecraft:white_wool":2,"minecraft:glow_berries":19,"minecraft:dripstone_block":1,"minecraft:redstone_torch":2,"luminousworld:creepberries":1,"orcz:orcteeth_tool_sword":134,"mna:cerublossom":2,"minecraft:bread":9,"minecraft:melon_slice":30,"minecraft:string":1,"create:asurine":1,"iceandfire:myrmex_resin_jungle":6,"minecraft:birch_log":1,"minecraft:experience_bottle":1,"minecraft:oak_fence":1,"minecraft:iron_bars":1,"luminousworld:whiteoaklog":1,"minecraft:acacia_log":1,"luminousworld:tall_deadbush":1,"minecraft:torch":10,"minecraft:dirt":11,"luminousworld:grassflowers":1,"untamedwilds:flora_canola":1,"minecraft:wooden_axe":35,"minecraft:iron_axe":2,"minecraft:polished_blackstone_brick_stairs":1,"minecraft:iron_boots":1,"minecraft:cooked_beef":3,"minecraft:cobbled_deepslate":1,"minecraft:pointed_dripstone":2,"minecraft:iron_leggings":1,"minecraft:wheat_seeds":154,"minecraft:baked_potato":5,"orcz:orcteeth_tool_pickaxe":194,"untamedwilds:flora_common_reed":3,"minecraft:polished_blackstone_bricks":2,"minecraft:cracked_stone_bricks":1,"minecraft:mossy_cobblestone":1,"minecraft:crafting_table":6,"minecraft:red_bed":2,"mna:aum":1,"orcz:orcamanita":1,"minecraft:iron_pickaxe":398,"minecraft:leather_helmet":2,"minecraft:stone_axe":24,"minecraft:cobblestone":12,"minecraft:potion":2,"minecraft:cooked_porkchop":9,"untamedwilds:flora_bush_temperate":2,"minecraft:sea_pickle":1,"minecraft:dandelion":1},"minecraft:killed_by":{"alexsmobs:leafcutter_ant":1,"iceandfire:myrmex_queen":1,"minecraft:zombie":1,"minecraft:skeleton":1,"iceandfire:myrmex_sentinel":1},"minecraft:crafted":{"minecraft:oak_planks":36,"minecraft:iron_boots":2,"minecraft:chest":2,"sophisticatedbackpacks:backpack":2,"minecraft:cooked_porkchop":9,"minecraft:crafting_table":1,"minecraft:wooden_pickaxe":1,"minecraft:iron_helmet":2,"minecraft:stick":17,"minecraft:iron_ingot":43,"mna:vinteum_dust":1,"minecraft:raw_iron":90,"orcz:orcteeth_tool_sword":1,"minecraft:iron_axe":1,"minecraft:stone_pickaxe":1,"orcz:orcteeth_tool_pickaxe":1,"minecraft:wheat":54,"minecraft:cooked_beef":8,"minecraft:iron_sword":1,"minecraft:bread":36,"minecraft:air":0,"iceandfire:bestiary":1,"minecraft:wooden_axe":1,"minecraft:iron_leggings":1},"minecraft:picked_up":{"minecraft:iron_chestplate":1,"minecraft:wheat":110,"minecraft:wither_rose":1,"minecraft:potion":3,"iceandfire:myrmex_jungle_chitin":8,"minecraft:stone_brick_stairs":2,"minecraft:brewing_stand":1,"botania:light_blue_double_flower":1,"iceandfire:manuscript":23,"minecraft:polished_blackstone_brick_stairs":1,"minecraft:string":6,"alexsmobs:ancient_dart":2,"minecraft:iron_leggings":1,"minecraft:sea_pickle":1,"minecraft:gold_nugget":638,"minecraft:cobbled_deepslate":1,"minecraft:redstone_torch":2,"alexsmobs:raccoon_tail":1,"minecraft:melon_slice":149,"farmersdelight:cabbage_seeds":6,"minecraft:furnace":7,"minecraft:iron_boots":2,"minecraft:stick":8,"orcz:orcskull":3,"botania:cyan_double_flower":6,"untamedwilds:flora_common_reed":6,"minecraft:oak_fence":1,"minecraft:torch":1,"minecraft:acacia_log":1,"botania:yellow_mystical_flower":6,"iceandfire:myrmex_resin_sticky_jungle":1,"minecraft:porkchop":11,"minecraft:pointed_dripstone":2,"destroy:raw_nickel":2,"luminousworld:grassflowers":1,"minecraft:rotten_flesh":26,"botania:light_gray_mystical_flower":2,"mna:decoration/chimerite_arcane_stone_quad":1,"minecraft:iron_block":3,"create:asurine":1,"luminousworld:tall_deadbush":1,"minecraft:iron_bars":1,"minecraft:cobblestone":48,"minecraft:birch_log":1,"minecraft:leather_chestplate":1,"minecraft:feather":4,"orcz:orcteeth":9,"untamedwilds:flora_elephant_ear":1,"mna:rune_marking":1,"mna:sachet_water":4,"minecraft:potato":4,"minecraft:tuff":4,"create:raw_zinc":2,"minecraft:lapis_lazuli":25,"minecraft:dirt":47,"minecraft:lantern":1,"minecraft:bone":10,"botania:cyan_mystical_flower":29,"iceandfire:myrmex_jungle_resin":1,"minecraft:wheat_seeds":308,"orcz:orcteeth_tool_sword":1,"botania:purple_mystical_flower":9,"minecraft:moss_block":1,"mna:cerublossom":2,"minecraft:oak_planks":1,"minecraft:mossy_stone_brick_stairs":2,"minecraft:chiseled_polished_blackstone":16,"minecraft:cooked_porkchop":9,"patchouli:guide_book":2,"luminousworld:creepberries":2,"minecraft:lily_of_the_valley":2,"iceandfire:myrmex_stinger":2,"alexsmobs:animal_dictionary":1,"minecraft:mossy_cobblestone":9,"iceandfire:lectern":1,"minecraft:granite":1,"minecraft:bread":4,"minecraft:oak_sapling":1,"untamedwilds:flora_titan_arum_corm":1,"minecraft:crafting_table":10,"luminousworld:groundpebbles_1":4,"minecraft:coarse_dirt":8,"luminousworld:decorative_brown_2":1,"minecraft:chicken":4,"untamedwilds:flora_canola":1,"minecraft:gold_block":35,"gravestone:obituary":5,"minecraft:shield":1,"minecraft:red_bed":9,"minecraft:cracked_stone_bricks":2,"untamedwilds:flora_water_hyacinth_item":5,"minecraft:beef":24,"minecraft:jungle_sapling":2,"minecraft:sugar_cane":22,"minecraft:raw_iron":58,"untamedwilds:flora_bush_temperate":2,"minecraft:polished_blackstone_bricks":6,"minecraft:redstone":2,"minecraft:tnt":305,"minecraft:diamond_chestplate":1,"minecraft:arrow":6,"botania:lime_mystical_flower":3,"minecraft:shears":1,"minecraft:hay_block":6,"minecraft:pink_tulip":2,"sophisticatedbackpacks:copper_backpack":1,"minecraft:polished_blackstone":1,"mna:vinteum_dust":20,"botania:green_mystical_flower":13,"minecraft:skeleton_skull":2,"minecraft:white_wool":23,"minecraft:leather":25,"botania:green_double_flower":1,"minecraft:oak_log":39,"iceandfire:ectoplasm":6,"minecraft:gunpowder":10,"iceandfire:myrmex_resin_jungle":7,"botania:light_blue_mystical_flower":13,"botania:black_mystical_flower":4,"untamedwilds:spawn_tortoise":15,"minecraft:apple":1,"minecraft:stone_bricks":1,"minecraft:iron_ingot":2,"minecraft:stone_pickaxe":3,"minecraft:cobweb":7,"minecraft:glass_bottle":2,"minecraft:book":5,"luminousworld:clovers_1":1,"minecraft:pumpkin":6,"mna:raw_vinteum":29,"minecraft:raw_iron_block":11,"minecraft:dripstone_block":1,"minecraft:dandelion":1,"orcz:orcamanita":1,"mekanism:raw_osmium":20,"mna:aum":3,"minecraft:leather_helmet":2,"luminousworld:whiteoaklog":1,"botania:orange_mystical_flower":7,"minecraft:baked_potato":5,"minecraft:coal":224,"orcz:orcteeth_tool_pickaxe":1}},"DataVersion":3465}